text	local_time	like_count	user_screen_name	retweet_count	reply_count
Pendant 5 ans, Emmanuel Macron a soigneusement refusÃ© d'Â« emmerder Â» les racailles, les gangs, les apprentis-djihadistes, les immigrÃ©s hors-la-loi, les antifas et les idÃ©ologues qui lavent les cerveaux de nos enfants. LÃ¢che avec les forts, cruel avec les faibles.	2022-01-05T16:24:53	24369	ZemmourEric	7886	1030
Mes adversaires dÃ©fendent les dÃ©linquants Ã©trangers contre les FranÃ§ais innocents. Je dÃ©fends les FranÃ§ais innocents contre les dÃ©linquants Ã©trangers. Ni la justice, ni les politiciens, ni les mÃ©dias : personne ne me fera taire.	2022-01-17T18:57:58	13871	ZemmourEric	4263	843
"Je crÃ©erai le premier ministÃ¨re de la remigration, chargÃ© de l'expulsion des Ã©trangers clandestins, dÃ©linquants et criminels Ã©trangers et fichÃ©s S Ã©trangers.
#Remigration"	2022-03-21T19:38:41	13741	ZemmourEric	4087	1177
"Comme Barack Obama, prix Nobel de la paix, qui a expulsÃ© 2,5 millions dâ€™Ã©trangers des Ã‰tats-Unis, jâ€™expulserai les clandestins, les criminels et dÃ©linquants Ã©trangers pour protÃ©ger la France et les FranÃ§ais.
#Remigration"	2022-03-21T20:10:18	13587	ZemmourEric	4667	1069
Au rythme oÃ¹ Emmanuel Macron copie mon programme, il va peut-Ãªtre bientÃ´t proposer la fin de l'immigration ! https://twitter.com/ZemmourEric/status/1500916596499533826/photo/1	2022-03-07T19:29:36	12940	ZemmourEric	4509	915
"En Alsace, les FranÃ§ais m'accueillent comme un ami. Ã€ BarbÃ¨s, les AlgÃ©riens me huent comme un ennemi. Tout est dit. Â« Calam_media: #Paris, #Barbes : Eric #Zemmour se fait prendre Ã  partie par la foule.

#TUNALG #Tunisie #Algerie #ArabCup2021 https://twitter.com/Calam_media/status/1472280541940572166/video/1 â€” https://twitter.com/Calam_media/status/1472280541940572166 Â»"	2021-12-18T20:04:47	10625	ZemmourEric	3504	1230
"Marion, tu es une FranÃ§aise libre, tu te bats pour une France libre, et je suis heureux de tâ€™accueillir aujourdâ€™hui Ã  Toulon !
#ZemmourToulon https://twitter.com/ZemmourEric/status/1500529566611345413/photo/1"	2022-03-06T17:51:41	10022	ZemmourEric	2766	314
Ben voyons ! Â« Aurelientache: ğŸ‡ºğŸ‡¦ Rencontre Ã  Cergy de rÃ©fugiÃ©s arrivÃ©s dâ€™#Ukraine, aprÃ¨s un long pÃ©riple. La France doit pouvoir leur fournir des conditions dâ€™accueil dignes et humaines. Je me suis engagÃ© Ã  les accompagner dans leur parcours administratif. #RefugeesWelcome https://twitter.com/Aurelientache/status/1502621185443520513/photo/1 â€” https://twitter.com/Aurelientache/status/1502621185443520513 Â»	2022-03-12T21:59:20	9479	ZemmourEric	2507	642
"Je fÃ©licite les forces de lâ€™ordre pour le dÃ©placement de ce matin et pour leur travail quotidien. Je serai le PrÃ©sident des policiers et des victimes. 
#ZemmourCollineDuCrack #Remigration"	2022-03-25T12:51:33	8343	ZemmourEric	2680	354
"Emmanuel Macron aux journalistes franÃ§ais lors du sommet de Versailles : Â«Â Je suis pessimiste et inquietÂ Â». 

Quelques minutes plus tard, Ã  des journalistes Ã©trangers : Â«Â je suis profondÃ©ment optimisteÂ Â»â€¦

#MacronMenteur
https://twitter.com/i/status/1502433597734768642/video/1"	2022-03-12T08:27:51	8128	ZemmourEric	4174	782
"Je supprimerai les aides sociales aux dÃ©linquants et aux parents de dÃ©linquants lorsque ceux-ci sont mineurs, et j'expulserai les dÃ©tenus Ã©trangers qui sont en France.
#FaceABFM"	2022-01-12T23:09:36	8072	ZemmourEric	1625	227
Le lien entre lâ€™immigration et la dÃ©linquance est statistiquement incontestable. La fin de lâ€™immigration provoquera un effondrement historique de la dÃ©linquance en France. Je serai le PrÃ©sident de la paix retrouvÃ©e. https://twitter.com/ZemmourEric/status/1486288715727224833/photo/1	2022-01-26T10:43:38	7803	ZemmourEric	2983	455
"Je serai trÃ¨s ferme sur lâ€™immigration. Je sanctionnerai les pays qui refusent de reprendre leurs clandestins.
#le79Inter #Elysee2022"	2022-02-07T08:06:32	7750	ZemmourEric	1763	383
"Je suis pour le rÃ©tablissement des peines planchers, pour lâ€™expulsion des dÃ©linquants Ã©trangers et pour la dÃ©chÃ©ance de nationalitÃ© des binationaux multirÃ©cidivistes.
#RTLMatin"	2021-12-15T07:44:46	7661	ZemmourEric	1811	222
"Le sujet n'est pas de mettre toujours plus de policiers dans la rue, mais d'y avoir moins de dÃ©linquants. S'il y a moins d'immigration, il y aura moins de dÃ©linquance.
#AllianceZemmour"	2022-02-02T13:14:39	7595	ZemmourEric	1914	361
"Pendant que je tentais de discuter avec les riverains excÃ©dÃ©s de la Colline du Crack, les trafiquants de drogue sÃ©nÃ©galais criaient : Â« Vive MÃ©lenchon ! Â»
#ZemmourCollineDuCrack #Remigration https://twitter.com/ZemmourEric/status/1507351984512417799/video/1"	2022-03-25T13:41:33	7327	ZemmourEric	3275	733
Ã€ Kiev et Karkhov, les rayons des magasins sont vides et la faim menace. Je demande la mise en place immÃ©diate d'un pont-aÃ©rien pour ravitailler les civils ukrainiens afin de ne pas ajouter une crise alimentaire Ã  la guerre. https://twitter.com/ZemmourEric/status/1498254869110665221/photo/1	2022-02-28T11:12:51	6582	ZemmourEric	2127	1017
Pour que sa prÃ©sidence de lâ€™UE soit au moins utile Ã  quelque chose, je demande Ã  Emmanuel Macron dâ€™imposer le principe de non-admission des migrants dans lâ€™Union europÃ©enne. Lâ€™espace Schengen ne doit plus Ãªtre un obstacle pour nous protÃ©ger des vagues migratoires.	2021-12-08T16:21:23	6530	ZemmourEric	1748	342
"La VendÃ©e pourrait nourrir notre cinÃ©ma franÃ§ais en rÃ©cits Ã©piques, si celui-ci daignait sâ€™intÃ©resser un peu plus Ã  lâ€™Histoire de France, au lieu de nous proposer des films dâ€™auteur sur les migrants veganes transgenres !
#SablesdOlonne"	2022-01-08T10:48:24	6502	ZemmourEric	1565	567
"Imaginez : vous accueillez quelquâ€™un chez vous, vous le soignez, vous le logez, parfois vous lui donnez mÃªme des aides sociales. Et Ã  la fin, il frappe ou tue vos enfants. Le bon sens, nâ€™est-ce pas de le renvoyer chez lui sâ€™il est Ã©tranger ? 
#Remigration Â« InstitutJustice: ğŸ”´ FLASH: Â«Â Le meurtrier, un tunisien en situation irrÃ©guliÃ¨re est dÃ©jÃ  connu de la JusticeÂ Â» 

ğŸ‘‰ğŸ¼ Pour lâ€™expulsion des dÃ©linquants Ã©trangers, signez notre pÃ©tition : https://www.institutpourlajustice.org/aupres-des-elus/petition-pour-lexpulsion-des-criminels-etrangers/ 

https://www.lefigaro.fr/faits-divers/un-individu-juge-pour-avoir-depouille-puis-tue-un-jeune-homme-apres-un-festival-techno-a-paris-20220322 â€” https://twitter.com/InstitutJustice/status/1506296190391967756 Â»"	2022-03-22T18:53:57	6465	ZemmourEric	2407	535
Merci Antoine Valentin, maire de Saint-Jeoire-en-Faucigny, pour votre parrainage et votre accueil dans cette belle commune de Haute-Savoie ! https://twitter.com/ZemmourEric/status/1497190021455134731/photo/1	2022-02-25T12:41:32	6391	ZemmourEric	1521	182
"Lâ€™immigration nâ€™est plus une chance pour personne : ni pour les immigrÃ©s, que nous ne sommes plus en capacitÃ© dâ€™accueillir, ni pour les FranÃ§ais, qui voient leur pays et leur identitÃ© sâ€™effacer.
#ZemmourProgramme"	2022-03-23T11:55:29	6342	ZemmourEric	2124	307
"Contrairement Ã  Mme PÃ©cresse, je supprimerai le droit du sol, je supprimerai le regroupement familial, jâ€™expulserai les dÃ©linquants Ã©trangers, je dÃ©choirai de la nationalitÃ© franÃ§aise les dÃ©linquants bi-nationaux et je les expulserai.
#ZemmourVsPecresse #FaceAFaceTF1LCI"	2022-03-10T19:56:28	6103	ZemmourEric	2059	254
"Aux portes de lâ€™Europe, Ã  Melilla sur le continent africain, des milliers de migrants prennent dâ€™assaut la frontiÃ¨re espagnole.
Nous devons soutenir lâ€™Espagne pour protÃ©ger nos nations. 
#AssautMelilla https://twitter.com/ZemmourEric/status/1499337347812495361/video/1"	2022-03-03T10:54:14	5943	ZemmourEric	2760	1151
"Je mâ€™attendais Ã  un accueil chaleureux en VendÃ©e, mais pas Ã  ce point !
#SablesdOlonne"	2022-01-08T10:34:34	5842	ZemmourEric	1032	119
Ã€ l'entrÃ©e sur notre sol, j'imposerai une caution de 10 000 euros pour les Ã©trangers venant des principaux pays qui ne reprennent pas leurs clandestins. S'ils repartent au terme de leur visa, cette caution leur sera rendue. Sinon, elle servira Ã  financer leur expulsion. https://twitter.com/ZemmourEric/status/1502770513738977286/video/1	2022-03-12T22:16:25	5790	ZemmourEric	2164	425
Aujourdâ€™hui le ministÃ¨re de lâ€™IntÃ©rieur a encore publiÃ© des chiffres migratoires catastrophiques. Jâ€™ai voulu venir voir les policiers aux frontiÃ¨res. Je serai le PrÃ©sident de la fin de lâ€™immigration. https://twitter.com/ZemmourEric/status/1484554030840004609/photo/1	2022-01-21T15:50:37	5786	ZemmourEric	1802	179
Alors que lâ€™Ã‰gypte le dÃ©choit de sa nationalitÃ©, le PrÃ©sident franÃ§ais choisit son camp en accueillant un ami des FrÃ¨res musulmans. Moi, jâ€™interdirai cette mouvance dangereuse dans notre pays. Â« EmmanuelMacron: Je salue la dÃ©cision des autoritÃ©s Ã©gyptiennes de remettre Ramy Shaath en libertÃ©. Je partage le soulagement de son Ã©pouse CÃ©line Le Brun, quâ€™il retrouve en France, avec qui nous nâ€™avons rien lÃ¢chÃ©. Merci Ã  tous ceux qui ont jouÃ© un rÃ´le positif dans cette heureuse issue. â€” https://twitter.com/EmmanuelMacron/status/1479816001743200258 Â»	2022-01-09T11:29:07	5732	ZemmourEric	2030	220
"Lâ€™ancien ministre de lâ€™IntÃ©rieur le dit. Les FranÃ§ais le savent : arrÃªter lâ€™immigration, câ€™est non seulement vital, mais câ€™est possible. Je le ferai ! Â« Europe1: ""Il faut suspendre le regroupement familial et notamment les mariages, puisque c'est la principale source de l'immigration et de la constitution de ghetto."" @manuelvalls dans #LeGrandRDV sur #Europe1 https://twitter.com/Europe1/status/1472508000254545924/video/1 â€” https://twitter.com/Europe1/status/1472508000254545924 Â»"	2021-12-19T13:40:40	5706	ZemmourEric	1700	399
Merci pour votre accueil et ce moment chaleureux. https://twitter.com/ZemmourEric/status/1473606665798832131/photo/1	2021-12-22T10:49:42	5564	ZemmourEric	1028	261
"Le chiffre vient de tomber : 66% des FranÃ§ais sont dâ€™accord avec moi sur la remigration. Toute la classe politique est contre moi. 

Faites le bon choix le 10 avril : votez Zemmour.

#Remigration https://twitter.com/ZemmourEric/status/1507271621853294597/photo/1"	2022-03-25T08:22:13	5549	ZemmourEric	2226	305
"Stopper les flux, mettre fin aux pompes aspirantes et renvoyer tous les Ã©trangers indÃ©sirables : mon programme contre lâ€™immigration.

â¡ï¸ http://programme.zemmour2022.fr

#ProgrammeZemmour https://twitter.com/ZemmourEric/status/1473709249196969990/photo/1"	2021-12-22T17:37:19	5549	ZemmourEric	1749	420
"Lâ€™ensauvagement de la sociÃ©tÃ©, câ€™est Emmanuel Macron !

Le mÃ©pris des Gilets Jaunes, câ€™est lui !

Le grand dÃ©classement, câ€™est lui !

Le grand remplacement, câ€™est lui ! https://twitter.com/ZemmourEric/status/1501570107134423041/video/1"	2022-03-09T14:46:26	5422	ZemmourEric	1934	447
Nouveau tract ! Je veux l'arrÃªt de l'immigration, la suppression de la loi SRU et la prioritÃ© aux FranÃ§ais dans le logement social. ValÃ©rie PÃ©cresse veut exporter les citÃ©s du 93 dans tous les villages de France. Que prÃ©fÃ©rez-vous ? https://twitter.com/ZemmourEric/status/1491008832696614918/photo/1	2022-02-08T11:19:41	5387	ZemmourEric	1940	364
"Je renverrai 1 million dâ€™Ã©trangers, criminels, dÃ©linquants, clandestins et fichÃ©s S !
#Remigration https://twitter.com/ZemmourEric/status/1506009922177323013/photo/1"	2022-03-21T20:48:40	5364	ZemmourEric	1683	505
Merci aux prÃ©sidents de commissions et dÃ©putÃ©s armÃ©niens pour leur accueil et ces discussions au Parlement armÃ©nien. https://twitter.com/ZemmourEric/status/1470457396522848264/photo/1	2021-12-13T18:15:37	5122	ZemmourEric	1106	166
"Ã€ lâ€™heure oÃ¹ de plus en plus de FranÃ§ais ne se chauffent plus, ne se dÃ©placent plus, ne mangent plus Ã  leur faim, cette nouvelle sortie du ministre dâ€™Emmanuel Macron est indigne !
Ã‰lu prÃ©sident, je bloquerai le prix de lâ€™essence Ã  1,80 â‚¬.
#carburants Â« MarianneleMag: Guerre en #Ukraineâ€‰: Bruno Le Maire appelle les FranÃ§ais Ã  rÃ©duire leur consommation dâ€™Ã©nergie https://www.marianne.net/politique/gouvernement/guerre-en-ukraine-bruno-le-maire-appelle-les-francais-a-reduire-leur-consommation-denergie?utm_medium=Social&utm_source=Twitter&Echobox=1646649935#xtor=CS2-5 â€” https://twitter.com/MarianneleMag/status/1500786110317879298 Â»"	2022-03-07T12:08:41	5118	ZemmourEric	1954	618
"Nous couperons les aides sociales aux Ã©trangers extra-europÃ©ens : RSA, allocations familiales, aides au logement. En tout, ce sont plus de vingt milliards dâ€™euros par an quâ€™on arrÃªtera de vous prendre !
#ZemmourLille #PouvoirDAchat"	2022-02-05T18:38:42	4964	ZemmourEric	1302	147
"Nos enfants ne savent plus lire et Ã©crire ? Câ€™est normal, ils sont occupÃ©s Ã  subir les leÃ§ons de propagande immigrationniste. Jâ€™y mettrai fin.
 #ZemmourEcole Â« SOSMedFrance: ğŸ’¡ #ChiffreDuJour
Depuis dÃ©c 2015, les actions de #sensibilisation en milieu scolaire ont permis de rencontrer ~50 000 Ã©lÃ¨ves pour leur prÃ©senter la situation en #MÃ©diterranÃ©e et nos actions, dans le cadre de lâ€™agrÃ©ment donnÃ© Ã  @SOSMedFrance par @education_gouv
#TogetherForRescue https://twitter.com/SOSMedFrance/status/1480804167790866434/photo/1 â€” https://twitter.com/SOSMedFrance/status/1480804167790866434 Â»"	2022-01-11T09:29:43	4880	ZemmourEric	1584	249
"ArrÃªtons avec ce mythe des immigrÃ©s qui travaillent et des FranÃ§ais qui ne travaillent pas. Aujourdâ€™hui, 55 % des Ã©trangers extra europÃ©ens sont inactifs.
#le79Inter #Elysee2022"	2022-02-07T08:19:32	4858	ZemmourEric	1514	108
"Pour aider les Ukrainiens qui fuient la guerre, la prioritÃ© doit Ãªtre dâ€™aider financiÃ¨rement et logistiquement les pays europÃ©ens frontaliers, en particulier la Pologne, Ã  accueillir les femmes, enfants et personnes Ã¢gÃ©es. 
#RTLPresidentielle #LaVoixDeLaFrance"	2022-02-28T08:14:22	4837	ZemmourEric	1413	270
"La France doit cesser d'Ãªtre gÃ©nÃ©reuse et de donner des aides sociales Ã  des gens qui ne travaillent pas. Le taux d'emploi des Ã©trangers extra-europÃ©ens est de 45 %, donc 55 % ne travaillent pas. Ils n'ont rien Ã  faire en France.
#Ã‰lysÃ©e2022 https://twitter.com/ZemmourEric/status/1469358193721720845/video/1"	2021-12-10T17:27:47	4766	ZemmourEric	1288	228
Merci aux Alsaciens pour leur accueil Ã  Husseren-les-ChÃ¢teaux ! https://twitter.com/ZemmourEric/status/1472223672136048643/photo/1	2021-12-18T15:14:10	4742	ZemmourEric	982	107
Merci cher @G_Peltier pour ton accueil chez toi en Sologne ! Avec nous, la France rurale ne sera plus la France des oubliÃ©s. https://twitter.com/ZemmourEric/status/1487069178376900615/photo/1	2022-01-28T14:24:55	4724	ZemmourEric	1254	118
Un grand merci Ã  cette commerÃ§ante de Fessenheim pour son accueil chaleureux ! https://twitter.com/ZemmourEric/status/1489218023080837123/photo/1	2022-02-03T12:43:39	4723	ZemmourEric	942	105
"RÃ©pondre au grand remplacement et au grand dÃ©classement : nous pouvons le faire. Voici les principales mesures que je prendrai contre l'immigration, pour la justice, le pouvoir d'achat et la compÃ©titivitÃ© de nos entreprises.

â¡ï¸ http://programme.zemmour2022.fr

#ProgrammeZemmour https://twitter.com/ZemmourEric/status/1473657605138657287/photo/1"	2021-12-22T14:12:06	4598	ZemmourEric	1801	481
Merci Ã  l'Association de la Presse Ã‰trangÃ¨re en France pour leur invitation Ã  Ã©changer avec plus de 70 mÃ©dias Ã©trangers. https://twitter.com/ZemmourEric/status/1483123525875601409/photo/1	2022-01-17T17:06:18	4585	ZemmourEric	1290	116
"Je condamne sans rÃ©serve l'usage de la force par la Russie et mes premiÃ¨res pensÃ©es vont aux populations victimes de ce conflit fratricide et Ã  ceux de nos ressortissants qui se trouvent encore sur le territoire ukrainien.
#SpecialeUkraineFrance2 https://twitter.com/ZemmourEric/status/1497130963511435307/photo/1"	2022-02-25T08:46:51	4266	ZemmourEric	1125	391
"Emmanuel Macron le dit et le rÃ©pÃ¨te : il est Ã  la fois pro-immigration et anti-assimilation. Il veut toujours plus d'Ã©trangers et qu'ils soient toujours moins franÃ§ais. Il est favorable Ã  la double peine pour notre identitÃ©. Â« leparisien_pol: Â«Une chance formidable pour la FranceÂ» : Macron critique Zemmour sans le nommer sur sa vision de lâ€™immigration
â¡ï¸ https://l.leparisien.fr/6kkr https://twitter.com/leparisien_pol/status/1490662299367088137/photo/1 â€” https://twitter.com/leparisien_pol/status/1490662299367088137 Â»"	2022-02-07T18:15:21	4190	ZemmourEric	1569	201
"Ce matin, je me suis rendu Ã  la Colline du crack : un enfer Ã  ciel ouvert. Macron a oubliÃ© les FranÃ§ais qui vivaient ce cauchemar. Je ne les abandonnerai pas.
#ZemmourCollineDuCrack #Remigration https://twitter.com/ZemmourEric/status/1507450193427451904/video/1"	2022-03-25T20:11:47	4187	ZemmourEric	1616	176
"Il y a quelques jours, lâ€™association Â« SOS MÃ©diterranÃ©e Â» se fÃ©licitait dâ€™avoir Â« rencontrÃ© plus de 50 000 Ã©lÃ¨ves depuis 2015 Â». DÃ©solÃ©, mais ce nâ€™est pas Ã  lâ€™Ã©cole de servir de propagande pour les complices des passeurs, des mafias et de la gauche immigrationiste !
#SaintQuentin"	2022-01-14T21:04:23	4157	ZemmourEric	1250	47
"Câ€™est grÃ¢ce Ã  lâ€™expÃ©rience de ma mÃ¨re que jâ€™ai pu comprendre la rÃ©gression inouÃ¯e que les femmes subissent aujourdâ€™hui dans des quartiers oÃ¹ une immigration de masse a importÃ© une civilisation islamique si cruelle avec les femmes.
#ZemmourVillepinte #RECONQUETE https://twitter.com/ZemmourEric/status/1467819445427052548/video/1"	2021-12-06T11:33:21	4119	ZemmourEric	952	181
Merci Ã  cet hÃ´telier pour son accueil Ã  lâ€™Auberge des GliÃ¨res. Je serai aux cÃ´tÃ©s de cette filiÃ¨re qui a beaucoup souffert. https://twitter.com/ZemmourEric/status/1497625236040306699/photo/1	2022-02-26T17:30:55	4066	ZemmourEric	1041	89
"Avec moi, Salah Abdeslam ne sortira jamais de prison. Nous supprimerons le rÃ©gime de rÃ©duction des peines. Jâ€™expulserai les dÃ©linquants Ã©trangers, qui sont 15 000 dans nos prisons.
#BonjourChezVous
https://twitter.com/i/status/1486264410922434560/video/1"	2022-01-26T09:26:09	3933	ZemmourEric	1169	125
"Je rÃ©sume la politique de Mme PÃ©cresse : elle ne sâ€™engage quâ€™Ã  renvoyer les clandestins, câ€™est-Ã -dire uniquement Ã  respecter la loi. Mais elle ne touche pas Ã  lâ€™immigration lÃ©gale et veut faire venir toujours plus dâ€™immigrÃ©s pour le travail.
#ZemmourVsPecresse #FaceAFaceTF1LCI"	2022-03-10T20:03:33	3926	ZemmourEric	1375	178
"Les Ã©trangers auront les droits que leurs contributions leur donnent. La solidaritÃ© nationale doit privilÃ©gier les FranÃ§ais. Nous devons Ãªtre gÃ©nÃ©reux avec les FranÃ§ais dâ€™abord.
#BourdinDirect https://twitter.com/ZemmourEric/status/1468140155001184258/video/1"	2021-12-07T08:47:44	3876	ZemmourEric	977	330
"Les sympathisants de LR aiment passionnÃ©ment la France. Quelle dÃ©connexion avec leurs Ã©lites. Â« BenjaminCauchy: Aurelien PRADIE et les LR au conseil RÃ©gional d'Occitanie viennent de voter une subvention de 30 000 euro au profit de... #SosMediterranee. 

Comment croire qu'ils luttent contre l'immigration illÃ©gale en finanÃ§ant ces passeurs institutionnels ? 

Vivement #Zemmour ! â€” https://twitter.com/BenjaminCauchy/status/1494640799845388290 Â»"	2022-02-18T19:10:44	3857	ZemmourEric	1395	132
"Je suis le seul Ã  Ã©tablir sans fausse pudeur le lien Ã©vident entre l'immigration venue de lâ€™autre cÃ´tÃ© de la MÃ©diterranÃ©e, et les menaces qui pÃ¨sent chaque jour davantage sur les femmes franÃ§aises, sur leur libertÃ© et parfois sur leur vie.
#ZemmourVillepinte #RECONQUETE"	2021-12-05T17:17:59	3848	ZemmourEric	878	136
"Loin des contradicteurs et des adversaires, jâ€™ai pu me livrer comme rarement. Merci Ã  cette famille pour son accueil et merci Ã  @Livrenoirmedia de mâ€™avoir permis de rÃ©vÃ©ler ces dimensions jusquâ€™ici trop discrÃ¨tes de notre campagne.

â¡ï¸ https://youtu.be/AcXB3GyB4qs Â« Livrenoirmedia: ğŸ”´ Eric #Zemmour Ã©tait mardi dans une ferme du DauphinÃ©, loin des mÃ©dias. En exclusivitÃ©, Livre Noir Ã©tait prÃ©sent. 

ğŸ‘‰ DÃ©couvrez notre reportage en immersion et un grand entretien du candidat au bord d'un bon feu : https://youtu.be/AcXB3GyB4qs https://twitter.com/Livrenoirmedia/status/1474124410235899912/photo/1 â€” https://twitter.com/Livrenoirmedia/status/1474124410235899912 Â»"	2021-12-26T11:01:57	3837	ZemmourEric	1176	146
"DÃ¨s l'Ã©tÃ© de mon Ã©lection, je me rendrai au Maghreb. En commenÃ§ant bien sÃ»r par l'AlgÃ©rie, j'entamerai une tournÃ©e pour remettre Ã  plat nos relations et affirmer notre position : le respect, pas la repentance.

Ma tribune dans Le Figaro â¤µï¸

https://www.lefigaro.fr/vox/politique/eric-zemmour-60-ans-apres-je-mettrai-fin-aux-privileges-migratoires-de-l-algerie-20220319"	2022-03-19T12:31:43	3782	ZemmourEric	1315	390
Ce qu'il faut Ã  la France, c'est couper le dÃ©sordre Ã  la source : arrÃªt de lâ€™immigration, fin de la justice-passoire, dÃ©chÃ©ance de la nationalitÃ© et expulsions.	2022-01-10T14:10:56	3764	ZemmourEric	897	92
"Je veux accueillir temporairement les rÃ©fugiÃ©s ukrainiens qui sont nos frÃ¨res europÃ©ens et chrÃ©tiens. Je ne veux pas que des immigrÃ©s africains profitent de cela, comme câ€™est dÃ©jÃ  le cas.
#Elysee2022 #ZemmourVsMacron https://twitter.com/ZemmourEric/status/1504562806976397313/video/1"	2022-03-17T20:58:21	3740	ZemmourEric	1186	447
Vous devriez vous parler avec Marine Le Pen, car elle n'a pas lâ€™air tout Ã  fait d'accord ! Contre le Grand Remplacement, votez Zemmour le 10 avril. Â« pierrecheynet: Sonia Mabrouk Ã  Marine Le Pen : -La notion de grand remplacement vous est complÃ¨tement Ã©trangÃ¨re ?   -ComplÃ¨tement. #ElysÃ©e2022 #CNews â€” https://twitter.com/pierrecheynet/status/1507105771703742469 Â» https://twitter.com/ZemmourEric/status/1507131388545355788/photo/1	2022-03-24T23:04:58	3731	ZemmourEric	1554	190
"Vous voulez continuer dans la voie du grand remplacement ? Votez Macron. 

Vous voulez que la France reste la France ? Votez pour moi. Â« ObservatoireID: ğŸ”SPÃ‰CIAL : BILAN MIGRATOIRE du quinquennat MACRON.

ğŸ“ŠRECORD : 1 278 374 nouveaux 1ers titres de sÃ©jour attribuÃ©s en 2017-2021 aux ressortissants non-europÃ©ens. Source : @Interieur_Gouv.

â–¶ï¸DÃ©tail complet sur notre site : https://observatoire-immigration.fr/immigration-2022/

ğŸ“¢Faites-le savoir : PARTAGEZ ! https://twitter.com/ObservatoireID/status/1504072094879043591/photo/1 â€” https://twitter.com/ObservatoireID/status/1504072094879043591 Â»"	2022-03-16T12:59:00	3695	ZemmourEric	1718	171
"Vous nâ€™en pouvez plus ? Je suis lÃ  pour Ã§a, madame. Je ne vous abandonnerai pas.
#ZemmourCollineDuCrack #Remigration https://twitter.com/ZemmourEric/status/1507344170394042378/video/1"	2022-03-25T13:10:29	3624	ZemmourEric	1324	113
"Je souhaite de tout cÅ“ur que Marion MarÃ©chal me rejoigne. Je lâ€™accueillerais les bras ouverts. Câ€™est une femme remarquable et je serais ravi de lâ€™avoir Ã  mes cÃ´tÃ©s.
#DemandezLeProgramme
https://twitter.com/i/status/1499135116211331088/video/1"	2022-03-02T21:39:24	3562	ZemmourEric	869	181
"Ce matin sur le marchÃ© d'Aulnay-sous-Bois, comme partout en France, j'ai entendu sans cesse Â« on n'en peut plus ! Â».

C'est pour ces tÃ©moignages que je veux la fermetÃ©, le respect de notre identitÃ© et la remigration des Ã©trangers criminels.
#AulnaySousBois https://twitter.com/ZemmourEric/status/1506283990310952972/photo/1"	2022-03-22T14:57:43	3545	ZemmourEric	1218	210
"On ne bÃ¢tit pas une politique sur une Ã©motion. Quand on est prÃ©sident de la France, on bÃ¢tit une politique sur lâ€™intÃ©rÃªt des FranÃ§ais. Et lâ€™intÃ©rÃªt des FranÃ§ais, câ€™est de ne plus accueillir aucun immigrÃ©.
#FaceABaba https://twitter.com/ZemmourEric/status/1471751243840339977/video/1"	2021-12-17T07:56:55	3537	ZemmourEric	810	247
"Voila, câ€™est Ã§a Paris aujourdâ€™hui. Câ€™est Ã§a la France aujourdâ€™hui.
#ZemmourCollineDuCrack #Remigration
https://twitter.com/i/status/1507302262720376835/video/1"	2022-03-25T10:57:47	3512	ZemmourEric	1526	246
"Explosion des acquisitions de nationalitÃ©, augmentation des demandes Â«Â dâ€™asileÂ Â», progression des titres de sÃ©jours : les chiffres @Interieur_Gouv sont catastrophiques, malgrÃ© la pandÃ©mie ! 

Je serai le PrÃ©sident de la fin de lâ€™immigration. https://twitter.com/ZemmourEric/status/1484444746412183552/photo/1"	2022-01-21T08:36:21	3481	ZemmourEric	1546	145
"Nous accueillons JÃ©rome RiviÃ¨re et Isabelle Muller : quelle joie de vous retrouver. Au travail pour la ReconquÃªte mes amis !
#UnionDesDroites2022 https://twitter.com/ZemmourEric/status/1484195389607661569/photo/1"	2022-01-20T16:05:30	3465	ZemmourEric	930	85
"Saviez-vous qu'il y a 2 fois plus de clandestins rÃ©gularisÃ©s que de clandestins expulsÃ©s ? En 2021Â : 14Â 000 expulsions, 30Â 000 rÃ©gularisations. Quand M. Macron expulse un Ã©tranger en situation irrÃ©guliÃ¨re, il en rÃ©gularise deux. Je serai le PrÃ©sident de la fin de l'immigration. Â« canardenchaine: DEMAIN DANS LE CANARD
et dÃ¨s ce soir 23 heures sur http://lecanardenchaine.fr 

Macron va crÃ©er un trÃ¨s Ã©lectoraliste Office de lutte contre lâ€™immigration clandestine â€” https://twitter.com/canardenchaine/status/1485985821807230979 Â»"	2022-01-25T22:46:43	3444	ZemmourEric	1231	113
Un ministÃ¨re de la #Remigration : lâ€™intention nâ€™est rien sans lâ€™acte. https://twitter.com/ZemmourEric/status/1507027634097729541/photo/1	2022-03-24T16:12:41	3439	ZemmourEric	1507	153
"Quand on est aussi chaleureusement accueilli par Philippe de Villiers et Patrick Buisson, on se sent pleinement chez soi, dÃ©finitivement : dans la France Ã©ternelle.
#SablesdOlonne https://twitter.com/ZemmourEric/status/1479803331245752330/photo/1"	2022-01-08T13:13:02	3420	ZemmourEric	822	177
"Interdire les prestations sociales non contributives aux Ã©trangers câ€™est aussi rendre justice aux femmes, qui parfois seules et en difficultÃ© ne perÃ§oivent mÃªme pas ces prestations. Je le dis : plus dâ€™argent pour les FranÃ§aises, moins dâ€™allocations pour les Ã©trangers ! Â« Valeurs: ğŸ”´ Plus de deux tiers des femmes favorables Ã  lâ€™interdiction des prestations sociales aux Ã©trangers â¤µï¸
https://buff.ly/3GtzwiD â€” https://twitter.com/Valeurs/status/1490342770929811459 Â»"	2022-02-07T20:14:20	3419	ZemmourEric	1013	94
"Les militants du RN sont extrÃªmement courageux. Ils ont risquÃ© leur travail et leur rÃ©putation, depuis des dÃ©cennies, pour dÃ©fendre la France et son identitÃ© contre l'immigration. Je les appelle, eux aussi, Ã  notre union des patriotes.
#Nice
https://twitter.com/i/status/1484496138178859009/video/1"	2022-01-21T15:33:39	3405	ZemmourEric	1108	131
"Les crises sâ€™accumulent mais ne sâ€™annulent pas. On a une crise sur notre territoire, un problÃ¨me majeur qui dÃ©truit notre identitÃ© : lâ€™immigration venue du Sud.
#FaceALaGuerreTF1 #ZemmourPrÃ©sident"	2022-03-14T21:59:53	3366	ZemmourEric	1078	97
"La France qui croit en sa puissance, câ€™est nous !

La France qui sâ€™Ã©lÃ¨ve contre le grand remplacement, câ€™est nous !

La France indÃ©pendante et souveraine, câ€™est nous !

La France qui reste la France, câ€™est nous !

La ReconquÃªte, câ€™est nous !

#48HdelaReconquete #ZemmourAgen https://twitter.com/ZemmourEric/status/1503294414592131076/video/1"	2022-03-14T08:58:12	3355	ZemmourEric	1146	184
#Remigration https://twitter.com/ZemmourEric/status/1506022287715225600/photo/1	2022-03-21T21:37:48	3352	ZemmourEric	1082	193
"Merci pour votre accueil !
#GrandDebatVA #RassemblementTrocadero https://twitter.com/ZemmourEric/status/1506385785393754121/video/1"	2022-03-22T21:42:13	3296	ZemmourEric	1077	156
"Je baisse la CSG pour les salariÃ©s jusquâ€™Ã  2 000â‚¬. Je la finance en supprimant les allocations sociales non contributives aux Ã©trangers.
#Ã‰lysÃ©e2022"	2021-12-09T21:20:56	3292	ZemmourEric	717	123
"Aujourdâ€™hui, on loge les immigrÃ©s, on loge les demandeurs dâ€™asile qui attendent leur rÃ©ponse et ne sont jamais expulsÃ©s. Je rÃ©serverai les logements sociaux aux FranÃ§ais.
#DynamiqueZemmour #20h22
https://twitter.com/i/status/1488603073035517953/video/1"	2022-02-01T20:55:42	3291	ZemmourEric	939	104
"On ne peut pas rester insensible Ã  la douleur des rÃ©fugiÃ©s. Les Ukrainiens veulent aller en Pologne, rester Ã  proximitÃ© de leurs proches qui se battent et pouvoir rentrer en Ukraine. Il faut les aider.
#DemandezLeProgramme"	2022-03-02T21:29:00	3273	ZemmourEric	911	193
"ValÃ©rie Pecresse nous dit quâ€™il nâ€™y a QUE 5 millions dâ€™Ã©trangers en France. 
Elle en voudrait 5 millions de plus : son programme nous y conduit tout droit !

#ZemmourVsPecresse https://twitter.com/ZemmourEric/status/1502280572642770955/video/1"	2022-03-11T13:49:34	3226	ZemmourEric	1347	234
Merci aux Deux Savoies pour leur accueil ce week-end. https://twitter.com/ZemmourEric/status/1498648694987673604/video/1	2022-03-01T13:17:47	3202	ZemmourEric	805	83
"Merci Ã  Romain Lopez, Maire de Moissac, pour son accueil chaleureux dans sa belle commune dâ€™Occitanie.
#Les48HdelaReconquete https://twitter.com/ZemmourEric/status/1502585893986709505/photo/1"	2022-03-12T10:02:48	3157	ZemmourEric	933	102
"Sur lâ€™immigration, mon plan sera prÃ©sentÃ© par rÃ©fÃ©rendum aux FranÃ§ais avant lâ€™Ã©tÃ©. La prÃ©fÃ©rence nationale y figurera. Le Conseil constitutionnel nâ€™est pas compÃ©tent pour juger dâ€™un rÃ©fÃ©rendum.
#RTLMatin https://twitter.com/ZemmourEric/status/1471015384895700992/video/1"	2021-12-15T07:12:52	3137	ZemmourEric	931	135
"La ville de Cannes m'a rÃ©servÃ© un accueil magnifique ! Mille fois merci !
#Cannes https://twitter.com/ZemmourEric/status/1484941783188582403/video/1"	2022-01-22T17:31:24	3112	ZemmourEric	811	66
"Mettre fin Ã  l'immigration : nous allons le faire ! 

Mes mesures contre l'immigration : http://programme.zemmour2022.fr 

#ProgrammeZemmour https://twitter.com/ZemmourEric/status/1473702793508802563/photo/1"	2021-12-22T17:11:40	3103	ZemmourEric	876	159
"Lâ€™immigration ? Je ne limite pas, jâ€™arrÃªte !
#LaFranceDansLesYeux #ZemmourPresident https://twitter.com/ZemmourEric/status/1491560464018456581/video/1"	2022-02-09T23:51:41	3095	ZemmourEric	782	134
"Merci @GilbertCollard, quelle fougue, tu es fidÃ¨le Ã  tout ce que jâ€™ai toujours connu de toi, dans ton discours, bien sÃ»r, mais aussi dans ton choix de nous rejoindre ! FidÃ¨le Ã  tes convictions, tu prÃ©fÃ¨res ton pays Ã  ton parti, et je tâ€™accueille les bras ouverts !
#Cannes"	2022-01-22T18:49:45	3044	ZemmourEric	663	56
"Merci de cet accueil au marchÃ© du Mourillon Ã  Toulon !
#ZemmourToulon https://twitter.com/ZemmourEric/status/1500470893792927748/video/1"	2022-03-06T13:58:33	3040	ZemmourEric	912	205
"Je mettrai fin au grand remplacement et au grand dÃ©classement de la France et des FranÃ§ais. 

Consultez la totalitÃ© de mon programme sur mon site internet : https://programme.zemmour2022.fr/ https://twitter.com/ZemmourEric/status/1502986503303147525/photo/1"	2022-03-13T12:34:41	3038	ZemmourEric	1095	182
"Je couperai lâ€™aide au dÃ©veloppement que nous donnons aux pays dâ€™origine des immigrÃ©s, lorsquâ€™ils nâ€™acceptent pas de reprendre leurs citoyens chez eux. Si cela ne suffit pas, je bloquerai les visas, les avoirs et les transferts dâ€™argent.
#FaceABFM https://twitter.com/ZemmourEric/status/1481420416656760832/video/1"	2022-01-13T00:18:45	2946	ZemmourEric	840	126
#Remigration : les FranÃ§ais approuvent mes mesures. https://twitter.com/ZemmourEric/status/1507470537198555136/video/1	2022-03-25T21:32:38	2936	ZemmourEric	1021	184
"Les salaires nets sont trop bas pour le travailleur et les salaires bruts sont trop Ã©levÃ©s pour le patron. Je vais rÃ©duire les dÃ©penses dâ€™immigration et dâ€™assistanat. Avec ces Ã©conomies, je vais baisser les taxes, les charges et les impÃ´ts.
#Cannes #UnionDesDroites2022"	2022-01-22T19:41:55	2932	ZemmourEric	744	74
"Dimanche 27 mars, nous serons rassemblÃ©s place du TrocadÃ©ro pour un Ã©vÃ©nement historique. 

Inscrivez-vous, montrons que nous sommes la ReconquÃªte : https://www.zemmour2022.fr/evenement-trocadero

#ZemmourCollineDuCrack #remigration https://twitter.com/ZemmourEric/status/1507335068477542403/photo/1"	2022-03-25T12:34:19	2931	ZemmourEric	1125	209
Quel bel accueil en Sologne ! Le gouvernement veut une politique de la ville, je veux une politique de la campagne ! https://twitter.com/ZemmourEric/status/1488206694752550913/video/1	2022-01-31T17:45:00	2924	ZemmourEric	820	93
Je crÃ©erai un ministÃ¨re de la #Remigration ! https://twitter.com/ZemmourEric/status/1506334009781108736/video/1	2022-03-22T18:16:28	2889	ZemmourEric	872	383
"Jâ€™ai voulu montrer la rÃ©alitÃ© des FranÃ§ais, jâ€™ai Ã©tÃ© servi.
#ZemmourCollineDuCrack #Remigration
https://twitter.com/i/status/1507313080291713028/video/1"	2022-03-25T11:43:36	2879	ZemmourEric	1142	153
"Tant quâ€™il nâ€™y aura pas un pays comme la France pour dire stop Ã  lâ€™immigration, on continuera de nous faire du chantage aux migrants.
#le79Inter #Elysee2022"	2022-02-07T08:08:33	2864	ZemmourEric	780	33
Merci Ã  JoÃ«l Billard, maire de Bonneval pour cet accueil chaleureux ! https://twitter.com/ZemmourEric/status/1479411496186744833/photo/1	2022-01-07T11:16:01	2831	ZemmourEric	647	67
"Merci de votre accueil et bravo Ã  mes militants qui portent leurs convictions ici, en Seine-Saint-Denis !
#AulnaySousBois https://twitter.com/ZemmourEric/status/1506212108740005890/video/1"	2022-03-22T10:12:05	2815	ZemmourEric	1032	99
"Je suis candidat Ã  la prÃ©sidentielle pour arrÃªter le grand remplacement et lutter contre l'immigration. Ma premiÃ¨re mesure sera un rÃ©fÃ©rendum pour arrÃªter l'immigration lÃ©gale et illÃ©gale.
#ZemmourSaulieu 
https://twitter.com/i/status/1492624814854623234/video/1"	2022-02-14T08:28:42	2804	ZemmourEric	749	178
"Merci Ã  lâ€™@uimm, fÃ©dÃ©ration patronale reprÃ©sentant 42 000 entreprises industrielles et 1,6 million de salariÃ©s, pour son accueil ce matin.

Je referai de la France une terre dâ€™industrie, pour refaire de notre pays une nation industrielle, fiÃ¨re et prospÃ¨re. https://twitter.com/ZemmourEric/status/1501538439430291463/photo/1"	2022-03-09T12:40:35	2783	ZemmourEric	1067	83
"Ces familles veulent le plus souvent rester Ã  proximitÃ© de leur pays et des hommes qui se battent pour le dÃ©fendre. Quand la guerre sera terminÃ©e, ces rÃ©fugiÃ©s pourront revenir sur la terre quâ€™ils aiment.
#RTLPresidentielle #LaVoixDeLaFrance"	2022-02-28T08:14:23	2772	ZemmourEric	695	90
"Je suis l'objet d'une justice politique qui veut m'interdire de lier l'immigration Ã  l'insÃ©curitÃ©. C'est pour cela que j'ai Ã©tÃ© condamnÃ© pour mes propos sur les mineurs isolÃ©s. C'est pour cela que je ne les regrette absolument pas.
#BourdinDirect
https://twitter.com/i/status/1483343694979866639/video/1"	2022-01-18T07:43:46	2761	ZemmourEric	866	148
"Bravo Ã  Pierre Brochand. Oui, nous subissons une immigration sans prÃ©cÃ©dent et si vous le souhaitez, Ã  partir du 24 avril prochain, j'y mettrai fin.

https://www.lefigaro.fr/vox/societe/pierre-brochand-ex-dgse-nous-subissons-une-immigration-sans-precedent-20220324"	2022-03-24T21:16:40	2721	ZemmourEric	1215	80
"Saviez-vous quâ€™avec Macron les entrÃ©es lÃ©gales ont Ã©tÃ© en moyenne de 255.000 par an ? Plus que sous Hollande (222.000), Sarkozy (191.000) et Chirac (184.000). Quand M. Macron prÃ©tend fermer la porte Ã  lâ€™immigration illÃ©gale, il ouvre toute grande celle de lâ€™immigration lÃ©gale. Â« canardenchaine: DEMAIN DANS LE CANARD
et dÃ¨s ce soir 23 heures sur http://lecanardenchaine.fr 

Macron va crÃ©er un trÃ¨s Ã©lectoraliste Office de lutte contre lâ€™immigration clandestine â€” https://twitter.com/canardenchaine/status/1485985821807230979 Â»"	2022-01-25T23:23:30	2719	ZemmourEric	999	86
"Les mesures sur lâ€™immigration seront jugÃ©es par referendum. Je veux que le peuple franÃ§ais puisse sâ€™exprimer et que le Conseil constitutionnel ne puisse pas revenir sur sa dÃ©cision.
#FaceABaba"	2021-12-16T22:34:14	2706	ZemmourEric	605	36
"Le plus beau ralliement pour moi, câ€™est celui des FranÃ§ais. Je vous annonce ce soir que mon parti RECONQUÃŠTE!, a la joie dâ€™accueillir sa cent milliÃ¨me adhÃ©rente. Elle vient de LR et je lui remettrai demain sa carte.
#ZemmourTF1 #DebatZemmourMacron 
https://twitter.com/i/status/1492947086454800385/video/1"	2022-02-13T20:52:10	2675	ZemmourEric	742	81
Merci au Mouvement de la RuralitÃ©  pour son accueil ce matin Ã  lâ€™Ambassade dâ€™Auvergne. Je veux rompre avec des dÃ©cennies de politiques de la ville inefficaces et mettre en place une vraie politique de la campagne. https://twitter.com/ZemmourEric/status/1493534047821258755/photo/1	2022-02-15T10:34:00	2640	ZemmourEric	843	50
Merci aux commerÃ§ants du marchÃ© d'#AulnaySousBois pour leur accueil ! https://twitter.com/ZemmourEric/status/1506235257883963393/photo/1	2022-03-22T11:44:04	2627	ZemmourEric	818	42
"Il nâ€™y aurait pas de France sans christianisme. Pas de France sans culture grÃ©co-romaine. Pour que la France reste la France, il faut que les vagues dâ€™immigration sâ€™imprÃ¨gnent de cette culture franÃ§aise.
#FaceABaba https://twitter.com/ZemmourEric/status/1471586932643794948/video/1"	2021-12-16T21:04:00	2587	ZemmourEric	608	77
"Je suis le seul Ã  proposer une lutte dÃ©terminÃ©e contre lâ€™immigration. Avec la suppression des pompes aspirantes, je ferai beaucoup dâ€™Ã©conomies et baisserai massivement les impÃ´ts et les taxes.
#ZemmourPresident
#FaceALaGuerreTF1
https://twitter.com/i/status/1503493438863548424/video/1"	2022-03-14T22:17:43	2561	ZemmourEric	814	103
"Je suis persuadÃ© que les femmes vont comprendre que ce qui les menace aujourdâ€™hui, câ€™est une immigration dÃ©bridÃ©e, violente et qui nâ€™est pas punie.
#Ã‰lysÃ©e2022 https://twitter.com/ZemmourEric/status/1469050571843940355/video/1"	2021-12-09T21:05:24	2550	ZemmourEric	610	102
"Le plan de ValÃ©rie PÃ©cresse, câ€™est Trappes Ã  la campagne. De notre cÃ´tÃ©, nous proposons tout simplement de supprimer la loi SRU, qui impose aux villes et aux villages de France le logement social qui est devenu le logement de l'immigration.

ğŸ–‹ï¸Ma tribune :
https://www.valeursactuelles.com/clubvaleurs/politique/eric-zemmour-comment-la-loi-sur-les-logements-sociaux-est-devenue-une-machine-a-fabriquer-du-communautarisme/ Â« FrDesouche: La mesure la plus catastrophique de PÃ©cresse, c'est de vouloir ""casser les ghettos""... 30% de logements trÃ¨s sociaux dans chaque quartier... Ca craindra absolument partout 
https://twitter.com/vpecresse/status/1483553352294277127/video/1 â€” https://twitter.com/FrDesouche/status/1483748340487622659 Â»"	2022-01-20T11:43:21	2537	ZemmourEric	931	143
"Je stopperai les flux migratoires, je supprimerai les dispositifs qui attirent lâ€™immigration et je garantirai lâ€™Ã©loignement des Ã©trangers indÃ©sirables. 

ArrÃªter lâ€™immigration pour prÃ©server notre identitÃ© sera une prioritÃ©.
#ZemmourTrocadero https://twitter.com/ZemmourEric/status/1507676416942518272/photo/1"	2022-03-26T11:10:43	2523	ZemmourEric	1043	101
"Avec la loi SRU qui oblige toutes les villes Ã  avoir 25 % de logements sociaux, on essaime lâ€™immigration et les problÃ¨mes qui lâ€™accompagnent. Je supprimerai la loi SRU.
#Zemmour2022
https://twitter.com/i/status/1479004447330246666/video/1"	2022-01-06T09:44:24	2509	ZemmourEric	754	102
"Quel accueil ! Quel plaisir de revenir Ã  Toulon !
#ZemmourToulon https://twitter.com/ZemmourEric/status/1500529486927912960/video/1"	2022-03-06T17:51:22	2504	ZemmourEric	737	71
"Je dÃ©fends le peuple franÃ§ais qui ne pense plus que lâ€™immigration est une chance pour la France.
#ZemmourVsMÃ©lenchon
https://twitter.com/i/status/1486827523602325507/video/1"	2022-01-27T22:37:21	2478	ZemmourEric	625	89
"Ã€ la colline du crack je montre aux FranÃ§ais lâ€™enfer que vivent les riverains.

Regardez lâ€™Ã©mission sur YouTube : https://youtu.be/qIk3P4oDQhU

#ZemmourCollineDuCrack #Remigration https://twitter.com/ZemmourEric/status/1507369786635919368/photo/1"	2022-03-25T14:52:17	2462	ZemmourEric	1047	113
"Emmanuel Macron est lâ€™homme du grand dÃ©classement et du grand remplacement. 

Je rÃ©ponds Ã  son intervention.
#Macron20h https://twitter.com/ZemmourEric/status/1471254090818719746/video/1"	2021-12-15T23:01:24	2449	ZemmourEric	679	82
"Je dis aux musulmans : ne refaites pas ici ce que vous avez fui. Ce serait terrible ! Lâ€™immigration, aujourdâ€™hui, nâ€™est plus une chance pour la France, donc nous devons lâ€™arrÃªter net.
#MissionConvaincreLCI #DynamiqueZemmour
https://twitter.com/i/status/1488998824211369985/video/1"	2022-02-02T22:17:25	2406	ZemmourEric	676	81
"Aujourd'hui, la venue des Ã©tudiants Ã©trangers est devenue une filiÃ¨re d'immigration. Nous devons sÃ©lectionner les meilleurs pour justement favoriser le rayonnement de la France.
#FaceABFM"	2022-01-12T21:45:48	2403	ZemmourEric	526	55
"C'est la dÃ©mographie qui fait l'histoire. Ce que M. MÃ©lenchon appelle Â« crÃ©olisation Â», je l'appelle Â« grand remplacement Â», mais c'est exactement la mÃªme chose.
#ZemmourVsMÃ©lenchon
https://twitter.com/i/status/1486806515801538562/video/1"	2022-01-27T21:12:21	2389	ZemmourEric	599	57
"Mme PÃ©cresse va mettre Ã  proximitÃ© de toutes les petites villes et de tous les villages de France des barres de HLM. Elle va mettre des immigrÃ©s partout : câ€™est ce quâ€™elle appelle Â« dÃ©ghettoÃ¯ser Â».
#ZemmourVsPecresse
#FaceAFaceTF1LCI
https://twitter.com/i/status/1502025355686723590/video/1"	2022-03-10T21:02:23	2364	ZemmourEric	874	118
"L'objectif c'est l'immigration 0. Je supprimerai donc toutes les pompes aspirantes de l'immigration.
#le79Inter https://twitter.com/ZemmourEric/status/1471445422552109060/video/1"	2021-12-16T11:41:41	2352	ZemmourEric	593	82
"Jâ€™ai sillonnÃ© la France pendant trois mois et jâ€™ai vu beaucoup de FranÃ§ais : ils sont hantÃ©s par le grand remplacement avec l'islamisation du pays et par le grand dÃ©classement avec leur appauvrissement et lâ€™effondrement de lâ€™Ã©cole.
#RTLMatin https://twitter.com/ZemmourEric/status/1471024485818109952/video/1"	2021-12-15T07:49:02	2345	ZemmourEric	634	77
"Le monde qui vient sera rude. Nous allons affronter des crises politiques, des crises migratoires, des crises Ã©nergÃ©tiques, des crises Ã©conomiques. Je le rÃ©pÃ¨te : nous avons un devoir de puissance.
#ZemmourChambery
https://twitter.com/i/status/1497299912052064260/video/1"	2022-02-26T15:05:16	2337	ZemmourEric	711	125
"Je veux voir Calais et montrer aux FranÃ§ais le symbole de cette ville sinistrÃ©e et Ã©plorÃ©e par lâ€™immigration folle. Calais est lâ€™avenir de notre pays si nous continuons la politique migratoire actuelle dâ€™Emmanuel Macron.
#ZemmourFerrari #LaMatinale
https://twitter.com/i/status/1483709913524232192/video/1"	2022-01-19T08:04:31	2334	ZemmourEric	735	109
"Le respect des aÃ®nÃ©s est dans mon ADN. Dans lâ€™EHPAD oÃ¹ ma mÃ¨re Ã©tait accueillie, jâ€™ai vu des infirmiÃ¨res extraordinaires et, Ã  cÃ´tÃ©, un service dÃ©plorable. La premiÃ¨re chose, câ€™est de renforcer les contrÃ´les.
#DynamiqueZemmour #20h22
https://twitter.com/i/status/1488596666714398724/video/1"	2022-02-01T21:01:25	2293	ZemmourEric	604	113
"Le solde migratoire dont parle Aymeric Caron, câ€™est la diffÃ©rence entre les Ã©trangers qui arrivent et les gens qui partent. Mais parmi ceux qui partent, il y a beaucoup de FranÃ§ais.
#FaceABaba https://twitter.com/ZemmourEric/status/1471595132025815052/video/1"	2021-12-16T21:36:35	2265	ZemmourEric	487	163
"Mme PÃ©cresse ne supprimera pas le droit du sol. Elle nâ€™expulsera pas les dÃ©linquants Ã©trangers. Elle nâ€™arrÃªtera pas le regroupement familial. Elle appelle compÃ©tence son impuissance.
#SudRadio #DebatZemmourMacron 
https://twitter.com/i/status/1492829843846832128/video/1"	2022-02-13T12:31:20	2238	ZemmourEric	793	82
"On expulsera les clandestins. Les pays refusant de signer les laissez-passer consulaires seront privÃ©s de lâ€™aide au dÃ©veloppement. Sâ€™ils sâ€™obstinent, je bloquerai les visas et les transferts de fonds.
#ZemmourFerrari #LaMatinale
https://twitter.com/i/status/1483713576586125317/video/1"	2022-01-19T09:52:53	2238	ZemmourEric	636	90
"Merci JÃ©rÃ´me RiviÃ¨re, toi qui viens de nous rejoindre : tu quittes ton poste de prÃ©sident de groupe RN au Parlement europÃ©en pour rejoindre 
la ReconquÃªte. La ReconquÃªte tâ€™accueille avec bonheur, mon ami !
#Cannes #UnionDesDroites2022"	2022-01-22T18:51:21	2172	ZemmourEric	452	37
"ValÃ©rie PÃ©cresse essaie de reprendre la musique de ce que je dis, mais elle ne reprend pas les paroles. Elle dit lutter contre lâ€™immigration clandestine. Mais contre lâ€™immigration lÃ©gale, elle ne fait rien.
#RTLMatin https://twitter.com/ZemmourEric/status/1471033298055057409/video/1"	2021-12-15T08:24:03	2154	ZemmourEric	615	87
"La VendÃ©e, câ€™est lâ€™antithÃ¨se de tout ce quâ€™ont fait nos Ã©lites parisiennes depuis 40 ans : pas de dÃ©sindustrialisation, pas de dÃ©localisation, pas de mÃ©tropolisation, pas dâ€™immigration !
#SablesdOlonne"	2022-01-08T11:19:47	2154	ZemmourEric	547	47
"Toute mon aventure prÃ©sidentielle est partie des jeunes qui mâ€™ont rejoint par milliers. Sauver la France de lâ€™islamisation, câ€™est protÃ©ger les jeunes qui subissent de plein fouet les ravages de lâ€™immigration.
#DynamiqueZemmour #20h22
https://twitter.com/i/status/1488604393410760705/video/1"	2022-02-01T20:55:23	2150	ZemmourEric	616	86
"Merci mon cher @G_Peltier, dÃ©putÃ© de cette France rurale, de mâ€™accueillir sur cette si belle terre de Sologne !
#Chaumont"	2022-01-28T18:27:13	2143	ZemmourEric	445	21
"DÃ¨s notre arrivÃ©e au pouvoir, nous allons cesser de prendre aux FranÃ§ais les milliards consacrÃ©s chaque annÃ©e aux millions dâ€™Ã©trangers qui vivent sur notre sol. Nous allons retrouver notre modÃ¨le social, pour quâ€™il redevienne vÃ©ritablement franÃ§ais !
#ZemmourLille #PouvoirDAchat"	2022-02-05T17:05:23	2139	ZemmourEric	630	55
"Ce soir, câ€™est Metz qui nous accueille : berceau des Carolingiens, citÃ© au passÃ© trois fois millÃ©naire dont la lumineuse cathÃ©drale impressionne depuis toujours les FranÃ§ais par sa grandeur et sa puissance.
#ZemmourMetz https://twitter.com/ZemmourEric/status/1504879070827450372/photo/1"	2022-03-18T17:55:04	2139	ZemmourEric	674	74
"Lâ€™immigration venue du Sud est un problÃ¨me majeur qui est en train de dÃ©truire notre identitÃ© et qui mine notre sÃ©curitÃ©. Je ne veux pas que cette Ã©lection prÃ©sidentielle soit confisquÃ©e.
#ZemmourPrÃ©sident 
#FaceALaGuerreTF1
https://twitter.com/i/status/1503490350362595329/video/1"	2022-03-14T22:13:46	2121	ZemmourEric	705	68
"Je lutterai contre lâ€™immigration illÃ©gale et les trafics de stupÃ©fiants dans nos Outre-mer.
#OutreMerAvecZemmour #ZemmourProgramme https://twitter.com/ZemmourEric/status/1506580999106441217/photo/1"	2022-03-23T10:37:55	2104	ZemmourEric	708	79
"Ma premiÃ¨re mesure sera dâ€™organiser un rÃ©fÃ©rendum sur lâ€™immigration qui se tiendra le mÃªme jour que les lÃ©gislatives. Toutes les mesures que jâ€™ai dÃ©clinÃ©es seront soumises au peuple franÃ§ais.
#LeGrandRDV
https://twitter.com/i/status/1495348019541196803/video/1"	2022-02-20T10:49:11	2100	ZemmourEric	649	65
"Toutes mes mesures sur lâ€™immigration seront proposÃ©es aux FranÃ§ais par rÃ©fÃ©rendum. La France est menacÃ©e dans son identitÃ© par un grand remplacement de population. Je suis candidat pour arrÃªter cela.
#Remigration
https://twitter.com/i/status/1505992361922465796/video/1"	2022-03-21T19:41:48	2087	ZemmourEric	744	98
"Sur lâ€™immigration, toutes les mesures de mon programme seront proposÃ©es dans un rÃ©fÃ©rendum afin que les FranÃ§ais dÃ©cident sâ€™ils sont pour ou contre ces mesures.
#FaceABaba https://twitter.com/ZemmourEric/status/1471620735991001088/video/1"	2021-12-16T23:18:19	2083	ZemmourEric	443	43
"En Afrique, je ferai exactement le contraire dâ€™Emmanuel Macron : je ne donnerai pas de leÃ§ons de dÃ©mocratie, je ne me repentirai de rien et je serai trÃ¨s ferme sur lâ€™immigration.
#le79Inter #Elysee2022
https://twitter.com/i/status/1490595987462803457/video/1"	2022-02-07T08:17:43	2076	ZemmourEric	638	44
"Dans les annÃ©es 1980, on ne voyait pas les ravages de lâ€™immigration. Aujourdâ€™hui, on les voit. Plus personne ne croit que lâ€™immigration est une chance pour la France. Il faut donc lâ€™arrÃªter et je serai le seul Ã  le faire.
#HDPros
https://twitter.com/i/status/1488067368068788225/video/1"	2022-01-31T08:34:08	2064	ZemmourEric	621	69
"Il faut regarder les chiffres mais aussi tout simplement dans la rue. Il faut prendre le mÃ©tro, le RER, le train. Il faut aller Ã  la CAF, dans les bureaux de poste, ou dans les Ã©coles. Et lÃ , on voit le grand remplacement en marche.
#le79Inter https://twitter.com/ZemmourEric/status/1471444147651235844/video/1"	2021-12-16T11:36:37	2048	ZemmourEric	506	91
"Merci Ã  @CroissancePlus, le @M__ETI et @FranceInvestEU de leur accueil chaleureux !
#ZemmourCroissance https://twitter.com/ZemmourEric/status/1493665132987179009/video/1"	2022-02-15T19:14:53	2032	ZemmourEric	585	56
"Je veux mettre un terme aux privilÃ¨ges migratoires de lâ€™AlgÃ©rie.
#GGRMC #ZemmourReconquete
https://twitter.com/i/status/1505857454424440833/video/1"	2022-03-21T11:34:43	1993	ZemmourEric	640	87
"Quel accueil Ã  ChambÃ©ry ! Merci Ã  mes amis savoyards !
#LaPaixAvecZemmour 
https://twitter.com/i/status/1497288813500059665/video/1"	2022-02-27T12:49:46	1986	ZemmourEric	588	79
"Puisque vous parlez de sondages, en voilÃ  un de ce matin : 65 % des FranÃ§ais sont dâ€™accord avec mon ministÃ¨re de la Remigration dont Marine Le Pen dit du mal. Câ€™est lâ€™Ã©vÃ©nement du jour. 
#ZemmourCollineDuCrack #Remigration
https://twitter.com/i/status/1507316688936747019/video/1"	2022-03-25T11:25:11	1981	ZemmourEric	826	70
"Les temps ont changÃ© : aujourdâ€™hui, on voit que le grand remplacement est en train de changer nos vies, nos rues, nos Ã©coles, notre culture, notre civilisation. Les FranÃ§ais ont pris conscience de cette Ã©volution.
#Zemmour2022
https://twitter.com/i/status/1479003274384654342/video/1"	2022-01-06T09:42:38	1977	ZemmourEric	603	65
"Câ€™est apocalyptique ! VoilÃ  ce que la France sera dans dix ou quinze ans si je ne suis pas Ã©lu. Elle sera faite dâ€™enclaves Ã©trangÃ¨res avec des murs pour sâ€™en protÃ©ger.
#ZemmourCollineDuCrack #Remigration
https://twitter.com/i/status/1507307619261812743/video/1"	2022-03-25T11:03:17	1965	ZemmourEric	820	76
"Dans tous les grands pays dÃ©veloppÃ©s, on renvoie les clandestins et on fait tout pour quâ€™ils ne viennent plus. Et on peut faire mieux en supprimant le regroupement familial, en limitant le droit dâ€™asile.
#ZemmourVsMÃ©lenchon
https://twitter.com/i/status/1486825625738432514/video/1"	2022-01-27T22:31:07	1961	ZemmourEric	510	44
"Et celle du grand remplacement, avec lâ€™islamisation de la France, lâ€™immigration de masse et lâ€™insÃ©curitÃ© permanente.
#ZemmourVillepinte #RECONQUETE"	2021-12-05T17:35:05	1958	ZemmourEric	375	52
"Permettre aux agriculteurs de vivre de leur mÃ©tier, les protÃ©ger contre la concurrence dÃ©loyale des producteurs Ã©trangers et encourager l'innovation et le renouvellement des gÃ©nÃ©rations. Je serai aux cÃ´tÃ©s des agriculteurs.

#FranceDesOubliÃ©s : mon programme pour l'agriculture â¤µï¸ https://twitter.com/ZemmourEric/status/1480241614442348545/photo/1"	2022-01-09T18:14:37	1947	ZemmourEric	661	41
"Calais est le type mÃªme de ville sinistrÃ©e par Schengen et par la gestion apocalyptique de lâ€™immigration par lâ€™Europe et par lâ€™absence de frontiÃ¨res. Câ€™est impardonnable : il faut rÃ©viser Schengen.
#BourdinDirect
https://twitter.com/i/status/1483356797004132354/video/1"	2022-01-18T08:40:41	1942	ZemmourEric	588	68
"La France a Ã©tÃ© une chance formidable pour les immigrÃ©s. Mais, aujourdâ€™hui, elle est en danger de mort. Lâ€™immigration nâ€™est plus une chance pour la France. Il faut lâ€™arrÃªter.
#LaFranceDansLesYeux #ZemmourPrÃ©sident
https://twitter.com/i/status/1491540105718341635/video/1"	2022-02-09T22:51:58	1919	ZemmourEric	533	106
"Madame, il faut vous soigner et nous vous aiderons Ã  vous soigner. Mais ne mettez pas la responsabilitÃ© sur la France.
#ZemmourCollineDuCrack #Remigration
https://twitter.com/i/status/1507308944963821606/video/1"	2022-03-25T11:04:06	1910	ZemmourEric	655	65
"Ã€ tout de suite, sur Cnews en direct de la colline du crack ! 

#ZemmourCollineDuCrack #Remigration https://twitter.com/ZemmourEric/status/1507289376715419654/photo/1"	2022-03-25T09:32:46	1897	ZemmourEric	597	128
"Merci aux Honnecourtois pour leur accueil chaleureux. 
#Honnecourt #SaintQuentin #FranceDesOubliÃ©s https://twitter.com/ZemmourEric/status/1481982023623401474/photo/1"	2022-01-14T13:30:22	1897	ZemmourEric	475	49
Quel accueil Ã  Montrieux-en-Sologne ! Rencontre avec plus d'une dizaine de maires pour Ã©changer sur leur quotidien. https://twitter.com/ZemmourEric/status/1487116414968381446/photo/1	2022-01-28T17:32:37	1889	ZemmourEric	549	33
"Je referai des FranÃ§ais grÃ¢ce Ã  une vÃ©ritable politique dâ€™assimilation, je ferai de la France une puissance dâ€™Ã©quilibre et je mettrai notre diplomatie au service de notre politique migratoire.

Nous rÃ©tablirons la place de la France dans le monde comme puissance dâ€™Ã©quilibre. https://twitter.com/ZemmourEric/status/1507700268275838985/photo/1"	2022-03-26T12:45:30	1879	ZemmourEric	723	71
Notre bureaucratie a pris en France une place dÃ©mesurÃ©e. Elle parasite un Ã‰tat devenu envahissant et terriblement efficace quand il sâ€™agit de ponctionner les FranÃ§ais, de privilÃ©gier les Ã©trangers, de gaspiller nos impÃ´ts, mais honteusement absent quand il est indispensable.	2022-02-12T15:14:45	1874	ZemmourEric	532	30
"Je suis le seul qui dÃ©fende vraiment la libertÃ© et la vie des femmes, qui sont menacÃ©es avant tout par une immigration incontrÃ´lÃ©e.
#FaceABaba https://twitter.com/ZemmourEric/status/1471611869941149704/video/1"	2021-12-16T22:43:05	1872	ZemmourEric	374	41
"Le Grand remplacement du peuple franÃ§ais par une autre civilisation est le problÃ¨me majeur. Il y en a bien dâ€™autres dont je parle. Mais le premier problÃ¨me en France, câ€™est lâ€™immigration.
#le79Inter #Elysee2022
https://twitter.com/i/status/1490600564866093062/video/1"	2022-02-07T08:22:59	1859	ZemmourEric	593	95
"Quand tant de nos compatriotes ne parviennent plus Ã  se soigner, nous offrons 2 500 â‚¬ de dÃ©penses de santÃ© par an, Ã  des Ã©trangers, qui ne travaillent pas et ne cotisent pas. Jusquâ€™Ã  quand allons-nous supporter cette injustice ?
#Chaumont https://twitter.com/ZemmourEric/status/1487139057012461574/photo/1"	2022-01-28T19:02:35	1846	ZemmourEric	566	31
"Mon but : ramener la paix et la tranquillitÃ© aux FranÃ§ais.Â Pour en finir avec lâ€™ensauvagement, jâ€™arrÃªterai lâ€™immigration et je rendrai la Justice plus dure et plus efficace.
#4V
https://twitter.com/i/status/1481526095799279616/video/1"	2022-01-13T07:22:50	1835	ZemmourEric	450	54
"La plupart des vendeurs de crack sont des clandestins. Nous les renverrons chez eux: câ€™est lâ€™un des objectifs de mon ministÃ¨re de la #Remigration. 65 % des FranÃ§ais sont dâ€™accord avec ce mot et ce quâ€™il recouvre. 
#ZemmourCollineDuCrack
https://twitter.com/i/status/1507295476386783233/video/1"	2022-03-25T10:41:22	1822	ZemmourEric	740	45
"Sur les 275 000 immigrÃ©s qui arrivent chaque annÃ©e lÃ©galement, seuls 14 % viennent pour travailler. Il y a 55 % dâ€™inactifs parmi les extra-europÃ©ens en Ã¢ge de travailler. Ces gens nâ€™ont rien Ã  faire ici.
#SudRadio #DebatZemmourMacron 
https://twitter.com/i/status/1492825681046257664/video/1"	2022-02-13T11:44:22	1819	ZemmourEric	606	50
"Nos politiciens ont prÃ©fÃ©rÃ© offrir les soins gratuits Ã  tous les Ã©trangers clandestins avec lâ€™aide mÃ©dicale dâ€™Ã©tat, plutÃ´t que dâ€™investir cet argent dans la santÃ© des FranÃ§ais.
#Chaumont"	2022-01-28T19:00:36	1799	ZemmourEric	508	31
"AprÃ¨s avoir vÃ©cu Ã  Drancy, jâ€™ai vÃ©cu pas loin dâ€™ici. Tout cela nâ€™existait pas. On est en plein Paris et il y a un campement comme si on Ã©tait un pays du Tiers-monde.
#ZemmourCollineDuCrack #Remigration
https://twitter.com/i/status/1507298368019652635/video/1"	2022-03-25T10:45:49	1797	ZemmourEric	715	79
"Il faut que les FranÃ§ais voient ce que câ€™est. Les Ã©trangers clandestins doivent Ãªtre renvoyÃ©s. Ils nâ€™ont rien Ã  faire ici, surtout quand ils trafiquent la drogue. 
#ZemmourCollineDuCrack #Remigration
https://twitter.com/i/status/1507300182718832659/video/1"	2022-03-25T10:54:05	1791	ZemmourEric	759	57
"Si les Ã©trangers sont traitÃ©s en France comme les FranÃ§ais, il nâ€™y a plus de France ni de FranÃ§ais. Câ€™est pour cela que nous ne donnerons plus le produit de la solidaritÃ© nationale aux Ã©trangers.
#le79Inter #Elysee2022
https://twitter.com/i/status/1490606170310156290/video/1"	2022-02-07T08:49:15	1784	ZemmourEric	584	67
"Emmanuel Macron, câ€™est le grand reniement, le grand oubli, sur lâ€™immigration, et le grand aveu, quand il dit que Mme PÃ©cresse, sâ€™il gagne, sera sa ministre.
#Elysee2022 #ZemmourVsMacron
https://twitter.com/i/status/1504547111949549572/video/1"	2022-03-17T20:04:53	1775	ZemmourEric	616	53
"Je supprimerai le collÃ¨ge unique. Avec moi, les bons Ã©lÃ¨ves deviendront meilleurs et les plus faibles auront des mÃ©thodes adaptÃ©es pour progresser. Je rÃ©tablirai un baccalaurÃ©at sÃ©lectif.
#Remigration
https://twitter.com/i/status/1505995884173090818/video/1"	2022-03-21T21:30:28	1709	ZemmourEric	487	64
Villers-CotterÃªts n'est pas seulement une ville ravissante, accueillante et chaleureuse. C'est un symbole nationalÂ ! Je dirais mÃªme un foyer national. https://twitter.com/ZemmourEric/status/1482338002739384325/photo/1	2022-01-15T13:04:55	1709	ZemmourEric	419	32
"Je le propose depuis toujours. Je suis dâ€™ailleurs le seul candidat Ã  le vouloir : je supprimerai la loi SRU sur le logement social qui a eu pour consÃ©quence de rÃ©pandre les ravages de lâ€™immigration dans tant de nos villes.
#Nice
https://twitter.com/i/status/1484505742954663940/video/1"	2022-01-21T12:45:21	1702	ZemmourEric	494	58
"La blouse est un symbole contre les inÃ©galitÃ©s sociales. Lâ€™Ã©cole est un sanctuaire du travail, du mÃ©rite, de lâ€™effort, qui ne doit plus Ãªtre polluÃ© par la propagande.
#Remigration
https://twitter.com/i/status/1505995056230064130/video/1"	2022-03-21T20:55:04	1698	ZemmourEric	502	69
"Pour moi, Agen, câ€™est cette terre chaleureuse oÃ¹ il fait bon vivre et oÃ¹ la beautÃ© des paysages nâ€™a dâ€™Ã©gal que la richesse de la gastronomie !
Â 
Agen, câ€™est lâ€™hospitalitÃ© et la chaleur des Agenais !
Â 
Merci de mâ€™accueillir ici chez vous.

#ZemmourAgen #Les48HdelaReconquete https://twitter.com/ZemmourEric/status/1502668040005160965/photo/1"	2022-03-12T15:29:13	1671	ZemmourEric	527	40
"Il faut absolument en finir avec le numerus clausus. Nous ne voulons plus que des jeunes FranÃ§ais aillent sâ€™installer en Belgique pour passer leur concours de mÃ©decine, ou que lâ€™on soit obligÃ© de faire venir des mÃ©decins Ã©trangers.
#BonjourChezVous
https://twitter.com/i/status/1486233602333593602/video/1"	2022-01-26T09:11:28	1651	ZemmourEric	492	25
"La Â« French Tech Â» est un trÃ¨s beau succÃ¨s. Je mettrais un seul bÃ©mol, essentiel : 80 % des grosses levÃ©es de fonds sont le fait des Ã©trangers. Je veux un plus grand contrÃ´le des investissements Ã©trangers.
#ZemmourCroissance
https://twitter.com/i/status/1493638590542368773/video/1"	2022-02-15T17:31:35	1638	ZemmourEric	510	62
"Les trafiquants qui vendent du crack, il faut les renvoyer chez eux. Ils nâ€™ont rien Ã  faire chez nous. Ils pourrissent la vie des FranÃ§ais. Jâ€™ai grandi ici et je veux protÃ©ger les FranÃ§ais. 
#ZemmourCollineDuCrack #Remigration
https://twitter.com/i/status/1507314668771201035/video/1"	2022-03-25T11:20:39	1628	ZemmourEric	577	53
"Je suis le candidat du rÃ©el que tous occultent. Je montre Ã  la France ce quâ€™elle est aujourdâ€™hui. Si on ne fait rien, il y aura des collines du crack partout. 
#ZemmourCollineDuCrack #Remigration
https://twitter.com/i/status/1507315441466806276/video/1"	2022-03-25T11:19:11	1626	ZemmourEric	639	60
"Le taux dâ€™inactivitÃ© des Ã©trangers extra-europÃ©ens en Ã¢ge de travailler est de 55 %. Je renverrai les Ã©trangers chÃ´meurs depuis plus de six mois.
#le79Inter #Elysee2022
https://twitter.com/i/status/1490605128201773059/video/1"	2022-02-07T08:48:46	1619	ZemmourEric	530	43
"Merci Ã  @YannickMOREAU pour son accueil dans la si belle ville des Sables-d'Olonne.

#SablesdOlonne https://twitter.com/ZemmourEric/status/1479756931619340292/photo/1"	2022-01-08T10:08:39	1615	ZemmourEric	387	37
"Je suis lÃ  pour rassembler. Je me situe entre ValÃ©rie PÃ©cresse et Marine Le Pen et jâ€™accueille les Ã©lecteurs des deux partis.
#HDPros
https://twitter.com/i/status/1488073049417072645/video/1"	2022-01-31T08:58:59	1600	ZemmourEric	462	55
"Pour le pouvoir dâ€™achat des FranÃ§ais, je diminuerai la CSG qui pÃ¨se sur leurs salaires. Je supprimerai les allocations non contributives pour les Ã©trangers.Â Moins dâ€™allocations pour les Ã©trangers, plus dâ€™argent pour les FranÃ§ais.
#Nice
https://twitter.com/i/status/1484502801950679041/video/1"	2022-01-21T12:39:09	1594	ZemmourEric	444	62
"Je supprimerai le concours qui vise Ã  faire venir des mÃ©decins Ã©trangers. Depuis 30 ans on va en chercher en AlgÃ©rie alors qu'on a empÃªchÃ© de jeunes FranÃ§ais de faire mÃ©decine pour 1/4 de point.
#LaFranceDansLesYeux #ZemmourPrÃ©sident
https://twitter.com/i/status/1491525546303533062/video/1"	2022-02-09T22:02:50	1588	ZemmourEric	467	40
"La solidaritÃ© nationale doit Ãªtre rÃ©servÃ©e aux FranÃ§ais. Je supprimerai les aides sociales non contributives aux Ã©trangers : allocations familiales, allocations logement, RSA et minimum vieillesse.
#le79Inter https://twitter.com/ZemmourEric/status/1471444087211704320/video/1"	2021-12-16T11:36:23	1578	ZemmourEric	373	47
"Lâ€™immigration nouvelle pourrit la vie des immigrÃ©s qui sont dÃ©jÃ  lÃ . On va arrÃªter les flux et expulser les clandestins et ceux qui nâ€™ont ni travail, ni papiers. 
#ZemmourCollineDuCrack #Remigration
https://twitter.com/i/status/1507322818492518407/video/1"	2022-03-25T12:25:06	1566	ZemmourEric	536	30
"Lâ€™Immigration ZÃ©ro, Mme Le Pen dit que ce nâ€™est quâ€™un slogan. Pour moi, câ€™est une volontÃ©.
#DemandezLeProgramme
https://twitter.com/i/status/1499148869250297858/video/1"	2022-03-02T22:35:27	1565	ZemmourEric	431	71
Parlez Ã  nos soldats, demandez-leur sâ€™ils sont fiers dâ€™Ãªtre allÃ©s en LibyeÂ au prix de notre sÃ©curitÃ©, de la stabilitÃ© de la rÃ©gion, de lâ€™implantation de Daesh et de millions de migrants qui ont dÃ©ferlÃ© sur lâ€™Europe ! Est-ce cela une politique internationale digne de la FranceÂ ? https://twitter.com/ZemmourEric/status/1495021868788723713/photo/1	2022-02-19T13:06:04	1556	ZemmourEric	436	30
"20 % dâ€™Ã©trangers occupent nos logements sociaux. Nous disons ""stop"". Ca suffit ! La fÃªte est finie. Nous rÃ©serverons nos logements sociaux aux FranÃ§ais.
#ZemmourLille #PouvoirDAchat
https://twitter.com/i/status/1490017923850813443/video/1"	2022-02-05T17:44:00	1510	ZemmourEric	460	41
"Nous vivons un phÃ©nomÃ¨ne dÃ©mographique de masse jamais vu dans lâ€™Histoire. Si on ne lâ€™arrÃªte pas, la France sera un pays africain, islamisÃ©, dans dix ou vingt ans. Je veux lâ€™empÃªcher. 
#ZemmourCollineDuCrack #Remigration
https://twitter.com/i/status/1507326279288303621/video/1"	2022-03-25T12:14:21	1509	ZemmourEric	571	41
"La perversitÃ© de la gestion bureaucratique, câ€™est quâ€™on prend des mÃ©decins Ã©trangers parce quâ€™ils sont moins chers. Sous ma prÃ©sidence, je ferai tout pour quâ€™on en ait de moins en moins besoin.
#Ã‰lysÃ©e2022 https://twitter.com/ZemmourEric/status/1469058090934972420/video/1"	2021-12-09T21:35:17	1504	ZemmourEric	405	65
"Emmanuel Macron se moque des FranÃ§ais et de ce quâ€™ils vivent. Je suis venu ici pour montrer ce qui se passe et que Macron, la droite et la gauche tolÃ¨rent. Il faut montrer cela aux FranÃ§ais. 
#ZemmourCollineDuCrack #Remigration
https://twitter.com/i/status/1507319611632631818/video/1"	2022-03-25T12:16:56	1501	ZemmourEric	591	32
"Soyez en cohÃ©rence avec vos principes : accueillerez-vous tous les migrants victimes de toutes les guerres, dâ€™oÃ¹ quâ€™ils viennent ? Mme PÃ©cresse a une fausse politique de fermetÃ© sur lâ€™immigration.
#ZemmourPresident
#ZemmourVsPecresse
https://twitter.com/i/status/1502269790383185922/video/1"	2022-03-11T13:14:32	1494	ZemmourEric	501	84
"La rÃ©ussite de mon quinquennat sera jugÃ©e sur mes rÃ©alisations en matiÃ¨re dâ€™immigration, de sÃ©curitÃ©, dâ€™Ã©cole, de dynamisme Ã©conomique et de rÃ©industrialisation.
#LeGrandRDV
https://twitter.com/i/status/1495353821924577280/video/1"	2022-02-20T11:24:14	1493	ZemmourEric	402	70
"Les EuropÃ©ens sont tellement faibles que tout le monde leur fait du chantage aux migrants. Tant quâ€™un pays comme la France ne dira pas : Â« les migrants, terminÃ© Â», tout le monde le fera.
#le79Inter #Elysee2022
https://twitter.com/i/status/1490592946344931328/video/1"	2022-02-07T08:14:17	1477	ZemmourEric	470	16
"Je ne suis pas un politicien. Je suis journaliste, Ã©crivain, et jâ€™ai tout arrÃªtÃ© pour rÃ©gler ces questions que les politiciens ne rÃ©glaient plus depuis quarante ans par lÃ¢chetÃ©.
#ZemmourCollineDuCrack #Remigration
https://twitter.com/i/status/1507296991360999429/video/1"	2022-03-25T10:44:57	1477	ZemmourEric	546	38
"Je baisserai massivement les impÃ´ts de production de trente milliards dâ€™euros afin que nos entreprises se battent Ã  armes Ã©gales avec leurs concurrents Ã©trangers.
#Les48HdelaReconquete #ZemmourAgen
https://twitter.com/i/status/1502685090362580995/video/1"	2022-03-12T19:24:58	1466	ZemmourEric	459	62
"Il faut qu'il y ait un contrÃ´le bien plus efficace des investissements Ã©trangers. Des sociÃ©tÃ©s amÃ©ricaines rachÃ¨tent nos pÃ©pites, nous piquent nos savoir-faire et M. Macron sâ€™enorgueillit de cela, moi pas.
#GGRMC #ZemmourReconquete
https://twitter.com/i/status/1505845729599930371/video/1"	2022-03-21T11:13:39	1463	ZemmourEric	486	46
"Il nâ€™y a quâ€™une seule solution : moi, je vous dÃ©barrasserai des ces gens. Tout le reste nâ€™est quâ€™agitation. Quâ€™ils soient de droite ou de gauche, les politiques ne font rien. Je ne tolÃ¨re pas cela. 
#ZemmourCollineDuCrack #Remigration
https://twitter.com/i/status/1507306656668999705/video/1"	2022-03-25T11:02:31	1448	ZemmourEric	542	28
"Je ne participe pas pour jouer, je ne prÃ©pare pas non plus lâ€™aprÃ¨s. Je veux Ãªtre PrÃ©sident parce que je pense vraiment que la France est en grand danger. Je veux la sauver du grand remplacement.
#MissionConvaincreLCI #DynamiqueZemmour
https://twitter.com/i/status/1489025249916170246/video/1"	2022-02-03T09:31:39	1446	ZemmourEric	390	34
"Câ€™est un peu facile de faire venir des mÃ©decins Ã©trangers Ã  cause de lâ€™impÃ©ritie des gouvernements prÃ©cÃ©dents. Je connais beaucoup de jeunes FranÃ§ais qui nâ€™ont pas pu Ãªtre mÃ©decins pour un quart de point.
#BonjourChezVous
https://twitter.com/i/status/1486237522611085315/video/1"	2022-01-26T09:12:38	1433	ZemmourEric	441	31
"Le mÃ©lange est possible quand on parle la mÃªme langue, quâ€™on a la mÃªme culture. Pas quand une culture sâ€™impose Ã  une autre. Jâ€™arrÃªte lâ€™immigration car câ€™est le nombre qui pose problÃ¨me.
#LaFranceDansLesYeux #ZemmourPrÃ©sident
https://twitter.com/i/status/1491537265025298442/video/1"	2022-02-09T22:51:09	1405	ZemmourEric	384	31
"Ã€ chaque fois que je suis passÃ© Ã  Beaune ou Ã  Dijon, jâ€™ai rencontrÃ© des FranÃ§ais qui mâ€™ont toujours accueilli comme un ami. Des FranÃ§ais qui Ã©taient fiers de me faire dÃ©couvrir leurs vignes, leur gastronomie et leur Histoire. Des FranÃ§ais quâ€™on ne peut quâ€™aimer.
#ZemmourSaulieu"	2022-02-12T15:13:32	1383	ZemmourEric	319	26
"Les prestations sociales non contributives ne seront pas touchÃ©es par les Ã©trangers. Il y a trop d'assistanat, Ã§a dÃ©courage les travailleurs qui touchent un salaire Ã  peine plus Ã©levÃ© que les aides sociales.
#GGRMC
#ZemmourReconquete
https://twitter.com/i/status/1505855242285502468/video/1"	2022-03-21T12:08:18	1383	ZemmourEric	455	44
"Les tÃ©moignages des riverains qui souffrent de cette promiscuitÃ© sont poignants. Je suis plus que jamais dÃ©terminÃ© Ã  rÃ©gler la question de la sÃ©curitÃ© qui hante les FranÃ§ais. 
#ZemmourCollineDuCrack #Remigration
https://twitter.com/i/status/1507330256365051913/video/1"	2022-03-25T12:26:24	1383	ZemmourEric	496	37
"J'ai connu la banlieue avant le regroupement familial, ce qui me permet de dire que lâ€™immigration nâ€™est plus une chance pour la France. Jâ€™ai connu le temps oÃ¹ ma mÃ¨re ne fermait jamais sa porte Ã  clef.
#LaFranceDansLesYeux #ZemmourPrÃ©sident
https://twitter.com/i/status/1491536209302233089/video/1"	2022-02-09T22:49:47	1377	ZemmourEric	411	30
"Avec ces recettes nous allÃ©gerons les charges qui pÃ¨sent sur les salaires des FranÃ§ais les plus modestes. Il nâ€™est plus admissible que votre fiche de paye vienne financer lâ€™assistanat des Ã©trangers.
#ZemmourLille #PouvoirDAchat"	2022-02-05T18:38:43	1374	ZemmourEric	349	32
"Et je ne vous parle pas du RSA et des allocations en tout genre. Nous finanÃ§ons notre grand remplacement au prix de notre grand dÃ©classement.
#ZemmourLille #PouvoirDAchat
https://twitter.com/i/status/1490017229324402695/video/1"	2022-02-05T17:43:00	1372	ZemmourEric	394	24
"Puisquâ€™on ne veut pas de frontiÃ¨res Ã  lâ€™extÃ©rieur de la France et de lâ€™Europe, on a des murs Ã  lâ€™intÃ©rieur. Les frontiÃ¨res ont Ã©tÃ© inventÃ©es pour maintenir la paix.
#ZemmourCollineDuCrack #Remigration
https://twitter.com/i/status/1507310926667685890/video/1"	2022-03-25T11:13:03	1361	ZemmourEric	545	36
"Ma politique, câ€™est plus de travail pour les FranÃ§ais, moins de prestations pour les Ã©trangers. Si on paie tant dâ€™impÃ´ts, câ€™est parce que nous croulons sous un systÃ¨me qui nâ€™est plus supportable.
#DynamiqueZemmour #MissionConvaincreLCI
https://twitter.com/i/status/1489019145853325313/video/1"	2022-02-03T09:17:17	1347	ZemmourEric	362	29
"Pour lutter contre le Grand remplacement, il faut la remigration, câ€™est-Ã -dire le renvoi de tous les Ã©trangers qui nous menacent : clandestins, dÃ©linquants, criminels, fichÃ©s S. 
#ZemmourCollineDuCrack #Remigration
https://twitter.com/i/status/1507296158716157957/video/1"	2022-03-25T10:44:13	1342	ZemmourEric	544	29
"Les Ã©lecteurs de LR attendent la plus grande fermetÃ© sur l'immigration. Cela fait 30 ans qu'ils attendent la politique que je propose : c'Ã©tait la promesse du RPR de Jacques Chirac.
#ZemmourProgramme
https://twitter.com/i/status/1506623625507610628/video/1"	2022-03-23T18:23:07	1321	ZemmourEric	468	43
"Il faut arrÃªter toute immigration. Le peuple franÃ§ais vit un grand remplacement. Les autres candidats veulent arrÃªter lâ€™immigration illÃ©gale sauf quâ€™elle est liÃ©e Ã  lâ€™immigration lÃ©gale.
#LaFranceDansLesYeux #ZemmourPrÃ©sident
https://twitter.com/i/status/1491528593314390019/video/1"	2022-02-09T22:08:18	1315	ZemmourEric	387	32
"Les FranÃ§ais, les immigrÃ©s europÃ©ens ont fui les banlieues Ã  cause de la violence, du trafic de drogue, du mode de vie islamique. Les jeunes femmes se font cracher dessus quand elles sortent en robe.
#LaFranceDansLesYeux #ZemmourPrÃ©sident
https://twitter.com/i/status/1491536710060199944/video/1"	2022-02-09T22:50:58	1312	ZemmourEric	380	41
"Les policiers me disent tous quâ€™ils ne peuvent rien faire parce quâ€™ils ne reÃ§oivent pas dâ€™ordre. Ils nâ€™attendent que quelquâ€™un qui leur en donne. Avec moi, les policiers pourront se dÃ©fendre. 
#ZemmourCollineDuCrack #Remigration
https://twitter.com/i/status/1507324949815513094/video/1"	2022-03-25T12:12:15	1306	ZemmourEric	511	24
"Des Ã©trangers quâ€™on a accueillis saccagent la France. Vous dites vous-mÃªme que si des gens que vous avez nourris et logÃ©s saccageaient tout chez vous, vous les renverriez. Câ€™est ce que je propose. 
#ZemmourCollineDuCrack #Remigration
https://twitter.com/i/status/1507318574456741889/video/1"	2022-03-25T12:21:23	1292	ZemmourEric	457	27
"Je m'attaquerai aux filiÃ¨res de l'immigration.

Mon programme sur l'immigration : https://programme.zemmour2022.fr/immigration

#FaceABFM https://twitter.com/ZemmourEric/status/1481385834859438091/photo/1"	2022-01-12T22:01:20	1265	ZemmourEric	334	34
"Tous les maires me disent que la loi SRU est une catastrophe, que lâ€™on dÃ©verse dans nos petites villes les ravages de lâ€™immigration qui auparavant Ã©taient concentrÃ©s dans les citÃ©s.
#le79Inter #Elysee2022
https://twitter.com/i/status/1490594947279503362/video/1"	2022-02-07T08:16:16	1261	ZemmourEric	434	17
"Partout en France, il y a des enclaves Ã©trangÃ¨res qui grandissent et se rÃ©pandent. Il y a des endroits oÃ¹ on ne parle plus franÃ§ais, oÃ¹ il nâ€™y a plus que des femmes voilÃ©es et des hommes en djellaba. 
#ZemmourCollineDuCrack #Remigration
https://twitter.com/i/status/1507327881386643473/video/1"	2022-03-25T12:24:31	1252	ZemmourEric	442	26
"Nous allÃ©gerons les charges qui pÃ¨sent sur les salaires des FranÃ§ais les plus modestes. Il nâ€™est plus admissible que votre fiche de paye vienne financer lâ€™assistanat des Ã©trangers.
#ZemmourLille #PouvoirDAchat
https://twitter.com/i/status/1490018373362765825/video/1"	2022-02-05T17:46:50	1238	ZemmourEric	376	37
"Je ne mets pas en cause les mÃ©decins Ã©trangers et je les remercie. Mais jâ€™aurais prÃ©fÃ©rÃ© des mÃ©decins franÃ§ais et quâ€™on ne les empÃªche pas, pour un demi-point, de faire mÃ©decine.
#LaFranceDansLesYeux #ZemmourPrÃ©sident
https://twitter.com/i/status/1491523176802754563/video/1"	2022-02-09T22:00:32	1206	ZemmourEric	367	19
"DÃ¨s notre arrivÃ©e au pouvoir, nous allons cesser de prendre aux FranÃ§ais les milliards dâ€™euros consacrÃ©s chaque annÃ©e Ã  l'accueil et Ã  lâ€™entretien des millions dâ€™Ã©trangers qui vivent sur notre sol.
#ZemmourLille #PouvoirDAchat
https://twitter.com/i/status/1490016708630827012/video/1"	2022-02-05T17:39:29	1196	ZemmourEric	336	28
"La reconquÃªte que nous dÃ©fendons, câ€™est lutter contre le grand remplacement pour lutter contre le grand dÃ©classement !
#ZemmourLille #PouvoirDAchat"	2022-02-05T19:20:59	1176	ZemmourEric	277	14
"En France, les immigrÃ©s nâ€™ont pas Ã©tÃ© parquÃ©s. Mais, venant de plus en plus nombreux, ils ont imposÃ© leur mode de vie. Il y a eu de plus en plus de kebabs, de boucheries halal, de femmes voilÃ©esâ€¦
#LaFranceDansLesYeux #ZemmourPrÃ©sident
https://twitter.com/i/status/1491535011287289860/video/1"	2022-02-09T22:48:10	1165	ZemmourEric	337	23
"Jâ€™ai grandi ici, Monsieur. Je suis lÃ  pour vous protÃ©ger. Ce quartier, je le connais. Ces gens-lÃ , je vais les renvoyer chez eux. 
#ZemmourCollineDuCrack #Remigration
https://twitter.com/i/status/1507298794861469699/video/1"	2022-03-25T10:53:32	1146	ZemmourEric	415	34
"Les dÃ©linquants Ã©trangers seront renvoyÃ©s chez eux. Les autres iront en prison avec des peines plancher. Nous nettoierons tout Ã§a. Ce que vous vivez est honteux et la classe politique sâ€™en moque. 
#ZemmourCollineDuCrack #Remigration
https://twitter.com/i/status/1507303794509500416/video/1"	2022-03-25T11:00:09	1130	ZemmourEric	443	51
"Je pense que Poutine a sous-estimÃ© l'Ã©mergence d'un sentiment national ukrainien. Les Ukrainiens se battent, c'est un peuple fier, ils rÃ©sistent face Ã  l'offensive d'une armÃ©e plus puissante que la leur.
#DemandezLeProgramme 
https://twitter.com/i/status/1499115223600488452/video/1"	2022-03-02T20:21:10	1110	ZemmourEric	341	101
"Mme Hidalgo et le gouvernement ne sont pas hostiles Ã  ces Â« haltes soins addiction Â». Et il y en aura ici, si on ne fait rien, si on ne nettoie pas cet endroit. 
#ZemmourCollineDuCrack #Remigration
https://twitter.com/i/status/1507321282026745856/video/1"	2022-03-25T12:23:53	1095	ZemmourEric	392	20
"Je vois des gens qui pourrissent la vie des FranÃ§ais et la vie du quartier. Ils nâ€™ont rien Ã  faire ici. Regardez : câ€™est fou ! Les riverains sont malheureux. Un prÃ©sident doit protÃ©ger son peuple. 
#ZemmourCollineDuCrack #Remigration
https://twitter.com/i/status/1507301075757457409/video/1"	2022-03-25T10:56:15	1072	ZemmourEric	435	22
"Pour assurer le rayonnement de la France, il faudra sÃ©lectionner les Ã©tudiants Ã©trangers et augmenter leurs droits de scolaritÃ©.
#FaceABFM https://twitter.com/ZemmourEric/status/1481421629104304130/video/1"	2022-01-13T00:23:34	1059	ZemmourEric	244	12
"Les flux migratoires pourrissent la vie de tous : les FranÃ§ais et les immigrÃ©s rÃ©guliers. Mais je tiens Ã  rÃ©pÃ©ter quâ€™en France, les FranÃ§ais sont prioritaires. 
#ZemmourCollineDuCrack #Remigration
https://twitter.com/i/status/1507324262163664917/video/1"	2022-03-25T12:10:52	1058	ZemmourEric	389	12
"Les policiers font ce quâ€™ils peuvent, ils sont formidables. Mais ils ne reÃ§oivent pas les ordre requis. Il faut une expulsion systÃ©matique de tous ces gens qui nâ€™ont rien Ã  faire ici.
#ZemmourCollineDuCrack #Remigration
https://twitter.com/i/status/1507302923038072835/video/1"	2022-03-25T10:56:30	1045	ZemmourEric	376	27
"On aidera les commerÃ§ants du quartier en nettoyant la colline du crack. Je connais trÃ¨s bien ce quartier : il y a toujours les mÃªmes immeubles, mais ce nâ€™est plus la mÃªme population. 
#ZemmourCollineDuCrack #Remigration
https://twitter.com/i/status/1507325646371971075/video/1"	2022-03-25T12:13:35	1043	ZemmourEric	376	14
"Â« Ã€ chaque fois quâ€™on a essayÃ© de venir, on a dÃ» faire marche arriÃ¨re. Â»Jean-Marc Morandini

Et aprÃ¨s on dit que lâ€™ordre rÃ¨gne, que la police va partout oÃ¹ elle veut. Câ€™est faux, on le voit bien.
#ZemmourCollineDuCrack #Remigration
https://twitter.com/i/status/1507297904427425799/video/1"	2022-03-25T10:45:35	1041	ZemmourEric	408	16
"Pour le logement social, la prioritÃ© sera donnÃ©e aux FranÃ§ais. 
#ZemmourCollineDuCrack #Remigration
https://twitter.com/i/status/1507323189537525761/video/1"	2022-03-25T12:09:38	1036	ZemmourEric	348	25
"La provocation, câ€™est que le pouvoir tolÃ¨re cela. Cette situation est scandaleuse et on peut la traiter en nettoyant tout cela. Je veux montrer Ã  la France entiÃ¨re ce que les riverains vivent. 
#ZemmourCollineDuCrack #Remigration
https://twitter.com/i/status/1507305885584048128/video/1"	2022-03-25T11:01:01	1018	ZemmourEric	384	18
"Jâ€™ai vu la dÃ©gradation de ce quartier. La police doit reprendre possession de cet endroit. Puis, il faut renvoyer les clandestins et tous les trafiquants Ã©trangers. Je suis lÃ  pour vous protÃ©ger. 
#ZemmourCollineDuCrack #Remigration
https://twitter.com/i/status/1507299730396700682/video/1"	2022-03-25T10:53:46	998	ZemmourEric	363	23
"Câ€™est tragique pour tout le monde. Pour ceux qui sont lÃ  et pour les riverains. La responsabilitÃ© de lâ€™Ã‰tat, câ€™est de protÃ©ger le peuple franÃ§ais.
#ZemmourCollineDuCrack #Remigration
https://twitter.com/i/status/1507309594778951707/video/1"	2022-03-25T11:12:24	961	ZemmourEric	343	23
"Les salles de shoot pourrissent la vie des riverains qui vivent un enfer. On dissÃ©mine le trafic de drogue Ã  ciel ouvert. La plupart des trafiquants sont Ã©trangers. On doit les expulser. 
#ZemmourCollineDuCrack #Remigration
https://twitter.com/i/status/1507322044807004165/video/1"	2022-03-25T11:44:08	921	ZemmourEric	323	20
"Longtemps le Nord fut cette terre oÃ¹ ouvriers franÃ§ais et immigrÃ©s se retrouvaient au cafÃ© et Ã  lâ€™Ã©glise, oÃ¹ les Ã©trangers adoptaient sans rechigner le mode de vie des FranÃ§ais quâ€™ils cÃ´toyaient.
#ZemmourLille #PouvoirDAchat
https://twitter.com/i/status/1489988861472256006/video/1"	2022-02-05T16:04:27	849	ZemmourEric	254	11
"Vous savez mieux que personne, ici, quels sont les ravages dâ€™une sociÃ©tÃ© oÃ¹ le travail est mÃ©prisÃ©, oÃ¹ les travailleurs sont remplacÃ©s au nom de la mondialisation heureuse et de lâ€™immigration.
#ZemmourLille #PouvoirDAchat
https://twitter.com/i/status/1489992501834432518/video/1"	2022-02-05T16:36:00	819	ZemmourEric	240	4
"Le pouvoir dâ€™achat, câ€™est ce qui vous reste quand vous cessez de financer une bureaucratie Ã©crasante, des millions dâ€™Ã©trangers qui ne travaillent pas, lâ€™assistanat gÃ©nÃ©ralisÃ©, lâ€™endettement incontrÃ´lÃ© de lâ€™Ã‰tat, lâ€™aide en pure perte aux pays pauvres du monde entier.
#ZemmourLille"	2022-02-05T16:48:40	754	ZemmourEric	231	10
"Et nous avions des raisons de penser quâ€™on Ã©viterait la guerre. Car la catastrophe qui coÃ»terait des milliers de vies ukrainiennes aurait pu Ãªtre Ã©vitÃ©e.
#ZemmourChambÃ©ry"	2022-02-25T19:51:35	696	ZemmourEric	175	15
"Câ€™est cette loi qui a concentrÃ© les difficultÃ©s liÃ©es Ã  lâ€™immigration. Entre 20% et 30% des demandes de logements sociaux sont faites par des Ã©trangers. Encore une fois, les organismes HLM ne donnent pas les chiffres prÃ©cis, pour ne pas choquer les FranÃ§ais.
#Chateaudun"	2022-01-07T20:39:26	164	ZemmourEric	39	1
